{
  "seed": 456,
  "final_gac": 69.55551943681456,
  "final_epc": 21.15221571480751,
  "generations": 10000
}