{
  "seed": 123,
  "final_gac": 36.94074074074074,
  "final_epc": 54.47675153776102,
  "generations": 10000
}