{
  "seed": 42,
  "final_gac": 35.146153846153844,
  "final_epc": 57.76232242176261,
  "generations": 10000
}