{
  "seed": 456,
  "final_gac": 29.923076923076923,
  "final_epc": 54.06193406947179,
  "generations": 10000
}