{
  "seed": 42,
  "final_gac": 64.40673243879452,
  "final_epc": 7.142070066678233,
  "generations": 10000
}