generation,v4_nodes,v4_action,v4_p_m,v4_p_s,v4_p_i,v5_nodes,v5_action,v5_p_m,v5_p_s,v5_p_i
0,12,I,0.1,0.1,0.8,12,I,0.1,0.1,0.8
1,12,M,0.85,0.118,0.031,12,M,0.863,0.051,0.086
2,12,M,0.874,0.021,0.105,12,M,0.835,0.039,0.126
3,12,M,0.832,0.038,0.13,12,M,0.801,0.086,0.113
4,12,M,0.875,0.059,0.066,12,M,0.855,0.056,0.089
5,12,M,0.84,0.047,0.113,12,M,0.827,0.061,0.113
6,12,S,0.084,0.871,0.045,12,S,0.125,0.836,0.039
7,12,M,0.839,0.126,0.036,12,M,0.838,0.121,0.04
8,12,S,0.045,0.84,0.115,12,S,0.032,0.871,0.097
9,12,M,0.79,0.115,0.095,12,M,0.811,0.084,0.105
10,12,I,0.097,0.084,0.819,12,I,0.137,0.116,0.747
11,12,M,0.89,0.036,0.074,12,I,0.058,0.135,0.807
12,12,M,0.811,0.119,0.07,12,I,0.034,0.029,0.937
13,12,M,0.87,0.078,0.052,12,M,0.803,0.091,0.107
14,12,M,0.809,0.07,0.121,12,M,0.884,0.088,0.027
15,12,M,0.805,0.075,0.121,12,M,0.86,0.109,0.031
16,12,M,0.9,0.07,0.03,12,M,0.845,0.05,0.105
17,12,M,0.806,0.116,0.078,12,M,0.885,0.028,0.087
18,12,S,0.103,0.787,0.11,12,S,0.083,0.887,0.03
19,12,M,0.871,0.036,0.093,12,M,0.86,0.118,0.022
20,12,M,0.914,0.032,0.054,12,M,0.878,0.073,0.049
21,12,M,0.917,0.043,0.04,12,M,0.869,0.049,0.083
22,12,M,0.892,0.035,0.074,12,M,0.806,0.104,0.09
23,12,M,0.824,0.105,0.071,12,M,0.919,0.042,0.039
24,12,M,0.791,0.099,0.11,12,M,0.855,0.035,0.111
25,13,M,0.784,0.111,0.105,12,S,0.092,0.809,0.099
26,12,S,0.05,0.903,0.046,12,S,0.108,0.843,0.049
27,12,S,0.085,0.889,0.026,13,M,0.847,0.093,0.06
28,12,M,0.824,0.093,0.082,13,M,0.896,0.04,0.064
29,13,M,0.862,0.069,0.068,12,M,0.826,0.061,0.113
30,13,S,0.051,0.868,0.081,12,S,0.074,0.88,0.046
31,13,M,0.846,0.053,0.101,12,M,0.895,0.054,0.051
32,12,M,0.825,0.099,0.076,12,M,0.881,0.021,0.098
33,12,M,0.835,0.102,0.064,12,M,0.818,0.109,0.073
34,13,M,0.848,0.039,0.114,12,M,0.849,0.103,0.047
35,12,M,0.842,0.126,0.032,12,M,0.911,0.041,0.048
36,12,M,0.865,0.113,0.022,12,M,0.807,0.072,0.121
37,12,M,0.904,0.048,0.048,13,M,0.847,0.058,0.095
38,12,M,0.873,0.096,0.032,12,M,0.901,0.045,0.054
39,12,I,0.058,0.036,0.906,12,I,0.129,0.059,0.812
40,13,M,0.9,0.068,0.032,12,M,0.889,0.049,0.062
41,13,M,0.793,0.089,0.118,12,M,0.876,0.029,0.095
42,12,M,0.895,0.026,0.079,12,M,0.881,0.095,0.024
43,13,S,0.04,0.87,0.09,12,S,0.107,0.829,0.064
44,13,M,0.824,0.083,0.093,12,M,0.864,0.059,0.077
45,12,S,0.043,0.89,0.067,12,S,0.048,0.854,0.099
46,12,M,0.874,0.073,0.053,12,M,0.863,0.063,0.074
47,12,M,0.885,0.044,0.072,12,I,0.145,0.089,0.765
48,12,M,0.813,0.114,0.073,12,M,0.833,0.102,0.066
49,13,S,0.115,0.783,0.103,12,S,0.035,0.933,0.032
50,13,M,0.812,0.086,0.102,12,M,0.859,0.054,0.086
51,13,S,0.103,0.853,0.045,12,S,0.024,0.884,0.093
52,13,M,0.829,0.095,0.076,13,M,0.908,0.039,0.053
53,13,M,0.818,0.116,0.066,12,M,0.883,0.066,0.052
54,13,M,0.788,0.112,0.1,12,M,0.784,0.125,0.091
55,12,M,0.831,0.082,0.087,13,M,0.885,0.058,0.057
56,13,M,0.907,0.036,0.057,12,I,0.121,0.132,0.747
57,13,M,0.894,0.076,0.03,12,M,0.836,0.051,0.113
58,12,M,0.856,0.028,0.116,13,M,0.856,0.034,0.11
59,13,I,0.08,0.042,0.878,12,M,0.934,0.037,0.029
60,13,M,0.801,0.079,0.12,12,M,0.863,0.079,0.058
61,13,S,0.111,0.835,0.054,12,S,0.102,0.789,0.109
62,13,M,0.824,0.11,0.066,12,M,0.844,0.094,0.062
63,13,S,0.03,0.875,0.095,12,S,0.113,0.781,0.106
64,13,M,0.853,0.029,0.118,13,M,0.919,0.036,0.044
65,13,M,0.831,0.069,0.1,12,M,0.857,0.083,0.06
66,13,M,0.811,0.118,0.071,13,M,0.863,0.026,0.11
67,13,M,0.851,0.115,0.034,13,M,0.835,0.059,0.107
68,13,I,0.099,0.108,0.792,12,I,0.055,0.128,0.817
69,13,M,0.853,0.092,0.055,13,M,0.861,0.106,0.033
70,13,S,0.045,0.849,0.106,12,S,0.108,0.794,0.099
71,13,M,0.87,0.107,0.023,12,I,0.075,0.1,0.824
72,14,M,0.799,0.082,0.12,14,M,0.781,0.105,0.114
73,13,S,0.072,0.872,0.056,12,S,0.088,0.834,0.078
74,14,M,0.876,0.049,0.076,13,M,0.834,0.112,0.054
75,13,I,0.034,0.048,0.919,12,I,0.03,0.064,0.906
76,13,M,0.807,0.096,0.097,13,M,0.773,0.113,0.114
77,14,M,0.888,0.065,0.047,12,M,0.826,0.075,0.098
78,14,M,0.794,0.116,0.09,13,M,0.859,0.023,0.118
79,13,M,0.918,0.029,0.053,12,M,0.824,0.054,0.122
80,13,M,0.812,0.078,0.11,13,M,0.826,0.065,0.109
81,14,M,0.847,0.031,0.122,13,I,0.036,0.112,0.852
82,14,M,0.807,0.091,0.102,13,M,0.858,0.084,0.058
83,13,M,0.897,0.055,0.049,13,M,0.824,0.095,0.081
84,14,M,0.87,0.063,0.067,13,M,0.842,0.089,0.069
85,14,M,0.852,0.057,0.092,12,M,0.932,0.036,0.032
86,14,S,0.073,0.819,0.108,13,S,0.066,0.841,0.093
87,14,M,0.797,0.102,0.101,12,M,0.845,0.081,0.073
88,14,M,0.95,0.026,0.024,13,M,0.845,0.078,0.078
89,14,M,0.861,0.111,0.029,12,S,0.049,0.87,0.081
90,14,M,0.849,0.043,0.108,13,M,0.858,0.101,0.041
91,13,M,0.805,0.097,0.098,13,I,0.123,0.084,0.793
92,14,M,0.916,0.054,0.029,14,M,0.905,0.068,0.027
93,13,M,0.772,0.126,0.102,14,M,0.876,0.082,0.041
94,14,M,0.862,0.035,0.103,14,M,0.811,0.118,0.071
95,14,I,0.033,0.107,0.86,14,I,0.084,0.065,0.851
96,14,M,0.859,0.053,0.088,14,M,0.872,0.098,0.031
97,14,M,0.873,0.032,0.095,13,I,0.029,0.069,0.902
98,14,M,0.814,0.09,0.096,13,M,0.829,0.061,0.11
99,14,M,0.834,0.068,0.098,13,M,0.846,0.052,0.102
100,14,M,0.883,0.053,0.064,13,S,0.123,0.77,0.106
101,14,I,0.043,0.038,0.919,14,I,0.075,0.108,0.818
102,14,M,0.8,0.135,0.065,14,M,0.82,0.099,0.081
103,14,M,0.786,0.091,0.123,13,M,0.847,0.036,0.117
104,14,M,0.889,0.084,0.027,14,M,0.839,0.076,0.086
105,14,M,0.829,0.093,0.078,13,M,0.822,0.076,0.101
106,14,M,0.901,0.067,0.032,15,M,0.887,0.032,0.081
107,14,M,0.833,0.087,0.08,14,M,0.823,0.106,0.071
108,14,S,0.074,0.833,0.093,13,I,0.135,0.032,0.833
109,14,M,0.864,0.068,0.068,14,S,0.082,0.813,0.105
110,14,M,0.857,0.055,0.088,15,M,0.917,0.058,0.025
111,14,I,0.096,0.064,0.84,15,I,0.127,0.038,0.835
112,14,M,0.792,0.09,0.118,13,M,0.838,0.083,0.078
113,14,M,0.86,0.087,0.053,14,M,0.84,0.114,0.046
114,14,M,0.805,0.091,0.105,13,M,0.82,0.098,0.081
115,14,M,0.91,0.04,0.05,13,M,0.888,0.026,0.086
116,15,M,0.858,0.075,0.067,14,M,0.895,0.041,0.065
117,14,M,0.803,0.071,0.125,14,M,0.914,0.042,0.044
118,15,M,0.876,0.086,0.037,14,M,0.892,0.071,0.037
119,14,M,0.946,0.026,0.028,15,M,0.812,0.088,0.1
120,15,M,0.831,0.106,0.064,14,S,0.094,0.841,0.065
121,14,M,0.9,0.037,0.063,14,M,0.869,0.077,0.054
122,14,M,0.782,0.12,0.098,14,M,0.825,0.113,0.063
123,15,M,0.918,0.028,0.054,14,M,0.838,0.104,0.058
124,14,M,0.884,0.029,0.087,14,M,0.868,0.063,0.07
125,15,M,0.799,0.123,0.078,15,M,0.835,0.095,0.071
126,14,M,0.845,0.061,0.094,15,M,0.842,0.103,0.055
127,15,M,0.799,0.085,0.115,15,M,0.795,0.104,0.1
128,15,M,0.839,0.071,0.09,16,M,0.848,0.106,0.046
129,15,S,0.044,0.867,0.089,14,S,0.105,0.804,0.091
130,15,M,0.886,0.056,0.057,16,S,0.092,0.819,0.089
131,14,M,0.816,0.093,0.091,14,S,0.066,0.823,0.111
132,15,S,0.096,0.88,0.024,15,S,0.029,0.882,0.089
133,14,M,0.872,0.082,0.046,16,M,0.878,0.094,0.028
134,15,I,0.092,0.117,0.791,14,I,0.126,0.064,0.809
135,15,M,0.833,0.108,0.059,15,M,0.871,0.024,0.105
136,15,M,0.843,0.111,0.046,16,M,0.826,0.066,0.108
137,15,M,0.866,0.039,0.095,15,M,0.867,0.095,0.037
138,15,M,0.897,0.041,0.063,16,M,0.865,0.042,0.093
139,15,M,0.904,0.037,0.059,16,M,0.792,0.114,0.094
140,15,S,0.035,0.865,0.1,16,S,0.066,0.863,0.072
141,15,M,0.822,0.074,0.104,15,M,0.888,0.029,0.083
142,15,M,0.815,0.071,0.114,15,M,0.896,0.037,0.068
143,15,M,0.919,0.049,0.032,16,M,0.898,0.076,0.027
144,16,S,0.086,0.794,0.119,15,S,0.11,0.778,0.112
145,15,M,0.852,0.074,0.073,16,M,0.947,0.025,0.028
146,15,M,0.84,0.047,0.113,16,M,0.84,0.099,0.061
147,15,M,0.88,0.094,0.026,15,M,0.911,0.045,0.044
148,15,M,0.821,0.086,0.094,16,M,0.861,0.04,0.099
149,15,S,0.068,0.82,0.112,15,S,0.111,0.82,0.069
150,15,M,0.793,0.098,0.109,16,M,0.873,0.088,0.039
151,15,S,0.041,0.867,0.092,16,S,0.102,0.806,0.092
152,15,I,0.11,0.113,0.777,16,I,0.09,0.059,0.851
153,16,S,0.053,0.833,0.114,16,S,0.104,0.795,0.1
154,15,I,0.093,0.096,0.811,16,I,0.054,0.059,0.887
155,15,I,0.099,0.101,0.8,17,I,0.076,0.047,0.877
156,16,M,0.81,0.09,0.1,17,M,0.84,0.052,0.109
157,15,M,0.901,0.076,0.023,16,M,0.881,0.072,0.047
158,15,M,0.92,0.037,0.043,17,M,0.84,0.109,0.05
159,15,S,0.099,0.802,0.1,16,S,0.036,0.872,0.092
160,15,S,0.106,0.795,0.099,16,S,0.045,0.86,0.094
161,15,S,0.108,0.781,0.111,17,S,0.109,0.822,0.069
162,15,S,0.037,0.864,0.1,16,S,0.112,0.827,0.061
163,15,S,0.103,0.852,0.045,17,S,0.063,0.851,0.086
164,16,M,0.853,0.108,0.039,16,M,0.846,0.031,0.123
165,16,M,0.932,0.035,0.033,16,M,0.774,0.109,0.117
166,15,I,0.049,0.077,0.874,17,I,0.089,0.034,0.877
167,16,M,0.876,0.082,0.042,16,M,0.843,0.101,0.056
168,16,M,0.907,0.041,0.052,17,M,0.852,0.052,0.096
169,16,I,0.038,0.094,0.868,16,I,0.103,0.088,0.809
170,16,M,0.863,0.099,0.038,17,M,0.888,0.041,0.071
171,16,M,0.857,0.024,0.119,17,I,0.126,0.099,0.775
172,15,M,0.792,0.088,0.121,17,M,0.925,0.038,0.037
173,16,M,0.805,0.097,0.098,17,M,0.882,0.068,0.049
174,15,M,0.85,0.085,0.065,18,M,0.885,0.081,0.033
175,16,M,0.83,0.096,0.073,16,M,0.87,0.063,0.067
176,16,M,0.846,0.078,0.076,17,M,0.861,0.048,0.091
177,16,M,0.851,0.083,0.066,18,M,0.86,0.07,0.07
178,16,M,0.921,0.036,0.043,17,M,0.863,0.041,0.096
179,16,S,0.088,0.795,0.118,17,S,0.076,0.868,0.057
180,15,M,0.857,0.072,0.071,17,M,0.806,0.117,0.077
181,15,M,0.842,0.065,0.093,18,M,0.932,0.034,0.034
182,16,M,0.807,0.101,0.092,17,M,0.926,0.025,0.049
183,16,M,0.808,0.109,0.083,18,M,0.812,0.093,0.096
184,16,M,0.855,0.045,0.101,18,S,0.083,0.808,0.11
185,16,M,0.9,0.054,0.046,19,M,0.875,0.036,0.088
186,16,M,0.817,0.061,0.123,17,M,0.816,0.094,0.09
187,16,M,0.816,0.109,0.074,18,M,0.89,0.076,0.034
188,16,M,0.851,0.035,0.114,19,M,0.843,0.117,0.04
189,16,M,0.806,0.098,0.096,18,M,0.807,0.095,0.098
190,16,M,0.9,0.076,0.024,17,M,0.803,0.107,0.09
191,16,M,0.79,0.106,0.104,17,M,0.867,0.042,0.09
192,16,M,0.787,0.097,0.116,18,M,0.817,0.1,0.083
193,17,M,0.842,0.079,0.079,18,M,0.8,0.11,0.09
194,16,M,0.796,0.127,0.077,18,M,0.855,0.076,0.07
195,17,S,0.083,0.807,0.109,19,S,0.028,0.912,0.06
196,16,M,0.872,0.097,0.031,19,M,0.89,0.053,0.057
197,16,M,0.88,0.092,0.028,19,M,0.846,0.123,0.03
198,16,M,0.873,0.033,0.094,18,M,0.82,0.11,0.069
199,17,M,0.878,0.099,0.023,18,M,0.874,0.028,0.098
200,16,M,0.915,0.051,0.034,19,M,0.862,0.052,0.086
201,17,S,0.106,0.824,0.07,18,S,0.101,0.843,0.056
202,17,M,0.866,0.037,0.097,18,M,0.89,0.032,0.078
203,17,M,0.857,0.054,0.089,19,M,0.816,0.077,0.107
204,17,M,0.847,0.053,0.101,19,M,0.891,0.021,0.088
205,17,M,0.861,0.029,0.11,18,M,0.859,0.086,0.055
206,16,M,0.806,0.068,0.126,18,M,0.847,0.052,0.101
207,17,M,0.865,0.093,0.042,19,M,0.869,0.059,0.072
208,16,M,0.813,0.099,0.088,19,M,0.876,0.034,0.089
209,17,I,0.124,0.113,0.763,18,I,0.043,0.044,0.913
210,16,M,0.852,0.119,0.03,20,M,0.834,0.031,0.135
211,17,M,0.813,0.081,0.107,20,M,0.855,0.102,0.043
212,16,M,0.817,0.072,0.111,19,M,0.873,0.061,0.065
213,17,I,0.088,0.081,0.831,19,I,0.079,0.051,0.869
214,17,M,0.849,0.12,0.031,20,M,0.769,0.11,0.121
215,17,I,0.044,0.093,0.864,19,M,0.887,0.023,0.09
216,17,M,0.869,0.032,0.099,20,M,0.865,0.053,0.082
217,17,M,0.812,0.091,0.097,19,M,0.82,0.06,0.12
218,16,M,0.875,0.071,0.054,20,M,0.802,0.113,0.085
219,17,S,0.04,0.864,0.096,21,S,0.114,0.802,0.084
220,17,M,0.905,0.062,0.033,21,M,0.812,0.079,0.109
221,17,S,0.087,0.818,0.096,21,S,0.03,0.894,0.076
222,17,M,0.811,0.085,0.104,21,M,0.851,0.121,0.028
223,17,S,0.107,0.842,0.051,19,S,0.109,0.828,0.063
224,17,M,0.803,0.098,0.099,20,S,0.054,0.918,0.028
225,17,M,0.855,0.097,0.048,20,M,0.918,0.052,0.03
226,17,M,0.865,0.067,0.068,20,M,0.887,0.065,0.047
227,17,M,0.826,0.068,0.106,20,M,0.872,0.057,0.071
228,17,M,0.845,0.088,0.067,22,M,0.81,0.098,0.092
229,17,M,0.831,0.11,0.059,20,M,0.855,0.1,0.044
230,18,M,0.832,0.064,0.104,20,M,0.854,0.079,0.068
231,17,M,0.859,0.081,0.06,21,M,0.826,0.08,0.094
232,17,M,0.898,0.056,0.046,20,M,0.868,0.11,0.022
233,17,M,0.826,0.112,0.061,21,M,0.835,0.07,0.096
234,17,M,0.876,0.082,0.041,22,M,0.863,0.033,0.104
235,17,M,0.862,0.09,0.047,21,M,0.859,0.102,0.039
236,17,M,0.804,0.105,0.091,21,M,0.896,0.065,0.04
237,18,M,0.877,0.023,0.101,22,M,0.807,0.109,0.083
238,17,S,0.064,0.885,0.05,21,S,0.101,0.83,0.069
239,17,M,0.94,0.032,0.028,22,M,0.847,0.107,0.046
240,18,M,0.822,0.099,0.079,21,M,0.835,0.086,0.079
241,17,M,0.85,0.045,0.106,21,M,0.8,0.094,0.106
242,17,M,0.853,0.046,0.101,22,M,0.835,0.102,0.062
243,17,I,0.058,0.063,0.879,22,I,0.133,0.098,0.769
244,18,M,0.833,0.038,0.129,22,M,0.762,0.114,0.124
245,18,M,0.926,0.022,0.051,21,S,0.038,0.89,0.072
246,17,M,0.842,0.069,0.088,22,S,0.123,0.794,0.083
247,17,S,0.087,0.88,0.033,23,S,0.116,0.812,0.073
248,18,S,0.043,0.836,0.12,22,S,0.054,0.894,0.052
249,18,M,0.82,0.097,0.082,21,M,0.841,0.037,0.123
250,17,M,0.877,0.099,0.023,22,M,0.845,0.072,0.083
251,18,M,0.85,0.069,0.08,23,M,0.819,0.123,0.058
252,17,S,0.085,0.814,0.101,23,S,0.037,0.888,0.075
253,17,S,0.037,0.934,0.029,22,S,0.11,0.788,0.103
254,18,M,0.839,0.114,0.046,22,M,0.901,0.063,0.036
255,18,M,0.855,0.038,0.108,23,M,0.893,0.039,0.067
256,18,M,0.823,0.081,0.096,23,M,0.845,0.121,0.034
257,17,M,0.853,0.074,0.073,22,M,0.869,0.056,0.075
258,17,M,0.833,0.096,0.07,23,M,0.879,0.085,0.036
259,18,M,0.842,0.077,0.081,24,M,0.898,0.031,0.071
260,17,I,0.071,0.028,0.901,23,I,0.1,0.117,0.783
261,18,S,0.045,0.874,0.081,23,S,0.076,0.82,0.104
262,18,I,0.082,0.063,0.855,23,S,0.073,0.827,0.1
263,18,M,0.826,0.063,0.111,23,M,0.88,0.087,0.032
264,18,S,0.073,0.852,0.076,24,S,0.106,0.797,0.097
265,18,M,0.855,0.063,0.082,23,M,0.869,0.068,0.062
266,18,S,0.076,0.828,0.096,23,S,0.043,0.863,0.094
267,18,S,0.084,0.819,0.097,23,S,0.078,0.831,0.091
268,18,M,0.87,0.089,0.041,24,M,0.903,0.051,0.047
269,18,M,0.82,0.096,0.084,23,M,0.869,0.06,0.072
270,18,M,0.886,0.089,0.025,24,I,0.087,0.104,0.81
271,19,M,0.78,0.1,0.12,24,M,0.853,0.102,0.045
272,18,S,0.081,0.865,0.055,24,S,0.044,0.89,0.065
273,19,M,0.832,0.11,0.058,24,M,0.889,0.03,0.08
274,18,M,0.802,0.116,0.083,23,M,0.801,0.105,0.094
275,18,S,0.117,0.776,0.107,24,S,0.052,0.922,0.026
276,19,M,0.9,0.065,0.035,24,M,0.829,0.098,0.074
277,18,M,0.804,0.085,0.111,25,M,0.778,0.121,0.101
278,18,M,0.862,0.089,0.049,24,M,0.828,0.098,0.074
279,19,M,0.883,0.09,0.027,25,M,0.828,0.114,0.058
280,19,M,0.817,0.089,0.094,25,M,0.868,0.083,0.049
281,19,S,0.038,0.875,0.087,26,S,0.078,0.88,0.043
282,19,M,0.916,0.05,0.035,24,M,0.882,0.025,0.093
283,18,M,0.8,0.081,0.119,25,M,0.886,0.054,0.06
284,18,M,0.834,0.072,0.094,25,M,0.849,0.052,0.099
285,19,M,0.831,0.067,0.102,25,M,0.87,0.097,0.032
286,19,M,0.794,0.105,0.101,26,M,0.809,0.085,0.106
287,18,M,0.822,0.103,0.075,25,M,0.886,0.08,0.033
288,18,M,0.845,0.039,0.117,25,M,0.827,0.1,0.073
289,18,M,0.826,0.115,0.058,25,M,0.843,0.027,0.13
290,19,M,0.854,0.088,0.058,26,M,0.872,0.071,0.057
291,19,I,0.027,0.14,0.834,25,I,0.095,0.064,0.841
292,19,M,0.84,0.09,0.07,26,M,0.873,0.074,0.053
293,19,S,0.105,0.838,0.057,25,S,0.08,0.83,0.089
294,19,S,0.087,0.802,0.111,25,S,0.091,0.812,0.098
295,19,M,0.816,0.11,0.073,26,M,0.894,0.032,0.073
296,18,M,0.904,0.075,0.02,27,M,0.875,0.063,0.062
297,19,S,0.114,0.806,0.08,26,S,0.052,0.821,0.127
298,19,M,0.843,0.079,0.078,26,M,0.817,0.114,0.069
299,19,M,0.81,0.091,0.099,27,M,0.866,0.073,0.061
300,19,M,0.92,0.034,0.046,26,M,0.895,0.031,0.074
301,19,M,0.797,0.101,0.103,27,M,0.912,0.034,0.055
302,19,M,0.857,0.03,0.113,27,M,0.875,0.021,0.104
303,19,M,0.912,0.031,0.057,26,M,0.78,0.121,0.099
304,19,M,0.854,0.047,0.1,27,M,0.834,0.118,0.048
305,19,M,0.921,0.028,0.051,28,M,0.794,0.107,0.099
306,19,M,0.826,0.092,0.083,27,M,0.872,0.077,0.051
307,19,M,0.821,0.08,0.098,27,M,0.832,0.065,0.103
308,19,S,0.043,0.83,0.127,27,S,0.105,0.845,0.05
309,19,M,0.825,0.088,0.087,28,M,0.89,0.083,0.027
310,19,M,0.856,0.051,0.093,27,I,0.115,0.078,0.807
311,19,S,0.094,0.863,0.043,28,S,0.058,0.892,0.051
312,19,M,0.855,0.088,0.056,27,M,0.92,0.043,0.037
313,19,M,0.804,0.101,0.095,27,M,0.902,0.064,0.034
314,19,S,0.087,0.811,0.101,28,S,0.104,0.811,0.085
315,19,S,0.036,0.833,0.131,28,S,0.08,0.882,0.039
316,19,M,0.828,0.063,0.11,28,M,0.825,0.113,0.062
317,19,M,0.82,0.096,0.085,29,M,0.8,0.092,0.107
318,19,S,0.051,0.841,0.108,28,S,0.062,0.821,0.117
319,19,M,0.812,0.123,0.064,29,M,0.893,0.071,0.036
320,19,I,0.126,0.134,0.74,27,I,0.13,0.084,0.786
321,20,M,0.866,0.082,0.052,29,M,0.879,0.077,0.045
322,19,M,0.822,0.075,0.103,29,M,0.827,0.096,0.077
323,19,M,0.866,0.068,0.067,28,M,0.863,0.043,0.094
324,20,M,0.841,0.117,0.042,29,M,0.865,0.086,0.05
325,19,M,0.802,0.098,0.1,28,S,0.041,0.895,0.064
326,20,M,0.859,0.116,0.026,30,M,0.891,0.069,0.04
327,20,M,0.871,0.103,0.026,30,M,0.807,0.073,0.12
328,20,M,0.876,0.076,0.048,29,M,0.776,0.113,0.111
329,19,M,0.855,0.119,0.025,29,M,0.84,0.073,0.086
330,19,M,0.899,0.062,0.039,29,I,0.038,0.085,0.877
331,20,M,0.848,0.036,0.117,29,M,0.841,0.056,0.102
332,19,M,0.877,0.091,0.032,29,M,0.872,0.058,0.071
333,20,M,0.919,0.054,0.027,29,M,0.87,0.04,0.09
334,19,M,0.842,0.028,0.13,29,M,0.91,0.04,0.05
335,20,M,0.84,0.05,0.11,30,M,0.814,0.08,0.106
336,20,M,0.868,0.105,0.027,30,M,0.784,0.102,0.113
337,19,M,0.845,0.081,0.073,30,M,0.834,0.074,0.092
338,20,M,0.851,0.077,0.072,30,M,0.82,0.074,0.106
339,20,I,0.113,0.099,0.788,31,I,0.096,0.112,0.791
340,20,S,0.131,0.815,0.055,30,S,0.101,0.801,0.098
341,20,S,0.06,0.879,0.061,30,S,0.051,0.915,0.034
342,20,M,0.841,0.085,0.074,31,M,0.851,0.052,0.097
343,19,I,0.126,0.036,0.838,30,I,0.111,0.12,0.769
344,19,M,0.88,0.035,0.085,31,M,0.806,0.107,0.087
345,20,M,0.866,0.083,0.051,31,M,0.811,0.091,0.098
346,20,M,0.86,0.031,0.11,31,I,0.136,0.035,0.829
347,20,M,0.797,0.083,0.12,31,M,0.854,0.028,0.118
348,20,M,0.846,0.039,0.115,32,M,0.84,0.106,0.053
349,20,M,0.806,0.079,0.115,32,M,0.827,0.059,0.114
350,20,M,0.904,0.025,0.071,30,M,0.785,0.096,0.119
351,20,M,0.829,0.079,0.092,32,M,0.814,0.113,0.073
352,20,S,0.026,0.908,0.066,32,S,0.136,0.81,0.054
353,20,S,0.062,0.841,0.097,31,S,0.091,0.816,0.092
354,20,M,0.888,0.035,0.077,32,M,0.851,0.054,0.096
355,20,I,0.089,0.134,0.777,33,I,0.111,0.095,0.795
356,20,I,0.052,0.057,0.891,32,S,0.116,0.805,0.079
357,20,M,0.829,0.104,0.067,31,M,0.853,0.068,0.078
358,20,S,0.042,0.92,0.039,32,S,0.062,0.851,0.087
359,21,M,0.824,0.082,0.095,32,M,0.796,0.106,0.098
360,20,M,0.849,0.078,0.074,33,M,0.875,0.056,0.069
361,21,S,0.074,0.819,0.107,32,S,0.086,0.824,0.091
362,21,S,0.087,0.869,0.044,32,S,0.044,0.847,0.109
363,21,M,0.836,0.061,0.103,32,M,0.88,0.06,0.06
364,21,M,0.918,0.027,0.055,33,M,0.91,0.051,0.039
365,21,M,0.853,0.023,0.124,32,M,0.848,0.08,0.072
366,21,M,0.933,0.028,0.039,32,M,0.819,0.099,0.082
367,20,M,0.828,0.082,0.09,34,M,0.888,0.041,0.071
368,21,S,0.031,0.882,0.087,32,S,0.038,0.909,0.054
369,21,M,0.817,0.116,0.067,34,M,0.831,0.12,0.049
370,20,S,0.087,0.819,0.094,33,S,0.054,0.898,0.049
371,21,M,0.827,0.061,0.112,34,S,0.1,0.846,0.054
372,20,M,0.876,0.097,0.027,34,M,0.862,0.053,0.085
373,21,M,0.837,0.057,0.105,34,M,0.846,0.104,0.05
374,20,M,0.814,0.06,0.126,34,M,0.812,0.111,0.077
375,21,I,0.066,0.03,0.904,34,I,0.058,0.087,0.855
376,21,S,0.069,0.892,0.039,33,S,0.101,0.792,0.106
377,21,S,0.069,0.894,0.037,35,S,0.027,0.854,0.119
378,21,M,0.821,0.121,0.058,33,M,0.862,0.062,0.076
379,20,M,0.879,0.074,0.047,34,M,0.869,0.088,0.042
380,21,M,0.899,0.067,0.033,34,M,0.814,0.106,0.081
381,21,M,0.788,0.117,0.095,34,M,0.788,0.101,0.111
382,21,M,0.801,0.084,0.115,35,M,0.825,0.081,0.093
383,21,M,0.804,0.107,0.089,34,M,0.792,0.105,0.103
384,21,M,0.802,0.077,0.121,35,M,0.826,0.098,0.076
385,21,M,0.807,0.114,0.078,36,M,0.859,0.066,0.075
386,21,M,0.867,0.06,0.072,36,M,0.807,0.093,0.1
387,21,M,0.877,0.082,0.041,34,M,0.802,0.081,0.117
388,21,M,0.772,0.114,0.114,35,M,0.856,0.123,0.021
389,22,M,0.876,0.058,0.066,35,M,0.828,0.097,0.076
390,21,M,0.873,0.025,0.102,36,M,0.782,0.092,0.126
391,21,M,0.844,0.076,0.08,36,M,0.873,0.041,0.086
392,21,M,0.812,0.114,0.074,35,M,0.822,0.077,0.101
393,21,S,0.081,0.835,0.083,37,S,0.089,0.835,0.076
394,21,M,0.852,0.089,0.059,37,M,0.924,0.051,0.025
395,21,M,0.857,0.025,0.118,37,M,0.912,0.055,0.032
396,22,M,0.923,0.035,0.042,36,M,0.82,0.07,0.11
397,21,M,0.843,0.12,0.037,36,M,0.848,0.104,0.047
398,21,M,0.897,0.028,0.075,36,M,0.767,0.118,0.115
399,21,M,0.829,0.108,0.063,36,M,0.847,0.121,0.031
400,21,S,0.032,0.906,0.063,37,S,0.104,0.81,0.086
401,21,M,0.934,0.027,0.039,37,M,0.891,0.051,0.058
402,21,S,0.036,0.931,0.032,36,S,0.057,0.858,0.085
403,21,M,0.822,0.063,0.115,36,M,0.804,0.093,0.104
404,22,M,0.878,0.051,0.07,37,S,0.119,0.841,0.04
405,21,M,0.934,0.035,0.031,38,M,0.807,0.071,0.121
406,22,M,0.856,0.075,0.069,38,M,0.836,0.062,0.102
407,22,I,0.083,0.122,0.795,37,I,0.079,0.109,0.812
408,22,M,0.812,0.074,0.114,38,M,0.903,0.064,0.033
409,22,M,0.826,0.127,0.047,38,M,0.853,0.081,0.067
410,22,M,0.891,0.065,0.044,39,M,0.785,0.111,0.104
411,22,M,0.795,0.118,0.087,37,M,0.894,0.022,0.084
412,22,M,0.881,0.034,0.085,37,M,0.902,0.042,0.056
413,22,M,0.807,0.098,0.095,38,M,0.922,0.038,0.04
414,22,S,0.116,0.776,0.108,38,S,0.083,0.871,0.046
415,22,M,0.866,0.044,0.09,39,M,0.784,0.126,0.09
416,21,M,0.886,0.075,0.039,38,M,0.827,0.075,0.098
417,22,M,0.864,0.034,0.102,38,M,0.827,0.042,0.131
418,22,S,0.073,0.899,0.028,38,S,0.044,0.869,0.087
419,22,M,0.91,0.052,0.038,39,M,0.897,0.063,0.041
420,21,M,0.857,0.067,0.076,39,S,0.068,0.866,0.066
421,22,M,0.819,0.104,0.077,39,M,0.883,0.08,0.037
422,22,S,0.066,0.871,0.063,38,S,0.046,0.911,0.043
423,22,S,0.1,0.824,0.076,40,S,0.109,0.819,0.071
424,22,S,0.093,0.833,0.074,38,S,0.102,0.792,0.106
425,22,M,0.882,0.097,0.022,40,M,0.824,0.097,0.079
426,22,M,0.867,0.08,0.052,40,M,0.809,0.126,0.064
427,22,M,0.808,0.084,0.108,40,M,0.842,0.073,0.084
428,22,M,0.813,0.114,0.073,41,M,0.867,0.062,0.071
429,22,M,0.853,0.058,0.089,40,M,0.856,0.106,0.038
430,22,S,0.039,0.918,0.043,40,S,0.114,0.825,0.061
431,22,S,0.039,0.862,0.1,40,S,0.073,0.847,0.079
432,22,M,0.803,0.081,0.116,40,M,0.884,0.05,0.067
433,22,I,0.048,0.099,0.853,40,I,0.109,0.133,0.759
434,22,M,0.835,0.085,0.081,42,M,0.816,0.066,0.119
435,22,I,0.127,0.081,0.792,40,I,0.054,0.12,0.825
436,23,S,0.099,0.864,0.036,41,S,0.054,0.836,0.11
437,22,M,0.92,0.054,0.025,40,M,0.874,0.095,0.031
438,22,I,0.043,0.129,0.828,41,I,0.055,0.063,0.882
439,22,I,0.101,0.117,0.782,42,I,0.045,0.104,0.851
440,22,S,0.026,0.915,0.059,42,S,0.072,0.806,0.122
441,23,M,0.82,0.076,0.103,41,M,0.906,0.039,0.055
442,22,M,0.908,0.053,0.038,41,M,0.871,0.028,0.101
443,22,M,0.854,0.07,0.076,42,M,0.918,0.027,0.055
444,22,S,0.055,0.873,0.072,41,S,0.086,0.868,0.046
445,23,M,0.856,0.063,0.082,42,M,0.913,0.036,0.051
446,22,M,0.827,0.098,0.075,43,M,0.811,0.101,0.088
447,23,M,0.865,0.098,0.037,42,S,0.122,0.757,0.121
448,22,M,0.907,0.051,0.041,43,M,0.847,0.116,0.038
449,22,M,0.799,0.075,0.125,42,M,0.935,0.027,0.038
450,23,M,0.851,0.099,0.05,43,M,0.802,0.103,0.096
451,23,M,0.841,0.045,0.114,42,M,0.795,0.103,0.102
452,23,M,0.816,0.12,0.063,43,M,0.843,0.102,0.055
453,23,M,0.861,0.075,0.064,43,M,0.794,0.095,0.111
454,23,I,0.126,0.063,0.812,44,I,0.099,0.068,0.834
455,22,I,0.05,0.077,0.873,43,I,0.123,0.071,0.806
456,23,M,0.865,0.063,0.071,44,M,0.88,0.071,0.049
457,22,M,0.941,0.028,0.03,43,M,0.833,0.066,0.1
458,23,M,0.863,0.043,0.093,43,M,0.835,0.056,0.109
459,23,M,0.901,0.073,0.026,43,M,0.85,0.054,0.096
460,22,M,0.852,0.078,0.07,44,M,0.919,0.029,0.052
461,23,S,0.035,0.859,0.106,44,S,0.103,0.836,0.062
462,23,M,0.882,0.029,0.09,44,M,0.865,0.045,0.09
463,23,M,0.815,0.124,0.061,44,M,0.865,0.104,0.031
464,23,M,0.879,0.039,0.082,44,M,0.837,0.117,0.046
465,23,M,0.896,0.037,0.067,45,M,0.888,0.07,0.042
466,23,S,0.064,0.863,0.074,44,S,0.078,0.836,0.086
467,23,S,0.092,0.807,0.101,45,S,0.1,0.857,0.043
468,23,S,0.115,0.777,0.108,45,S,0.055,0.845,0.1
469,23,M,0.829,0.112,0.059,44,M,0.924,0.051,0.025
470,23,S,0.1,0.824,0.076,45,S,0.11,0.833,0.056
471,23,M,0.873,0.034,0.092,46,M,0.835,0.084,0.081
472,23,I,0.12,0.113,0.767,46,I,0.041,0.055,0.904
473,23,M,0.871,0.078,0.051,45,M,0.883,0.039,0.077
474,23,M,0.799,0.095,0.106,46,M,0.822,0.054,0.123
475,23,M,0.815,0.134,0.052,45,M,0.912,0.045,0.043
476,24,M,0.835,0.097,0.068,46,M,0.884,0.053,0.062
477,23,M,0.868,0.077,0.055,45,M,0.866,0.092,0.042
478,23,M,0.862,0.045,0.092,45,M,0.874,0.037,0.089
479,24,M,0.848,0.108,0.043,46,M,0.798,0.098,0.104
480,23,M,0.886,0.067,0.047,47,M,0.819,0.092,0.09
481,24,M,0.788,0.111,0.101,46,M,0.848,0.04,0.113
482,23,M,0.791,0.11,0.099,47,M,0.88,0.098,0.022
483,23,M,0.837,0.063,0.1,47,M,0.887,0.047,0.066
484,23,M,0.793,0.106,0.101,46,S,0.093,0.878,0.029
485,24,M,0.914,0.043,0.042,47,I,0.062,0.077,0.86
486,23,S,0.093,0.86,0.047,47,S,0.091,0.857,0.052
487,24,M,0.925,0.031,0.043,47,I,0.031,0.061,0.908
488,24,M,0.834,0.066,0.1,48,M,0.844,0.034,0.122
489,23,S,0.12,0.801,0.079,48,S,0.028,0.884,0.088
490,23,M,0.837,0.121,0.041,48,M,0.855,0.082,0.063
491,24,M,0.788,0.11,0.102,47,M,0.786,0.11,0.104
492,24,M,0.763,0.124,0.113,48,M,0.849,0.041,0.11
493,24,M,0.839,0.059,0.102,48,M,0.821,0.106,0.073
494,24,M,0.844,0.088,0.068,48,M,0.861,0.063,0.077
495,24,M,0.82,0.066,0.114,48,M,0.859,0.032,0.109
496,24,M,0.901,0.068,0.032,48,M,0.887,0.056,0.056
497,24,M,0.848,0.032,0.12,48,M,0.844,0.067,0.089
498,23,M,0.854,0.113,0.032,50,M,0.92,0.037,0.043
499,24,M,0.839,0.077,0.084,50,M,0.849,0.117,0.034
500,23,S,0.083,0.837,0.081,50,S,0.043,0.883,0.074
501,23,M,0.874,0.075,0.051,48,S,0.117,0.822,0.061
502,24,S,0.08,0.847,0.073,49,S,0.077,0.838,0.085
503,24,M,0.823,0.113,0.064,50,M,0.833,0.113,0.054
504,23,M,0.833,0.113,0.055,49,M,0.865,0.098,0.038
505,24,M,0.802,0.111,0.087,51,M,0.861,0.101,0.038
506,24,S,0.027,0.853,0.12,49,S,0.042,0.829,0.129
507,23,M,0.866,0.066,0.068,50,M,0.911,0.051,0.038
508,24,S,0.109,0.859,0.032,50,S,0.108,0.779,0.113
509,24,M,0.815,0.08,0.106,51,M,0.909,0.056,0.035
510,24,M,0.91,0.04,0.05,50,M,0.87,0.085,0.046
511,24,M,0.79,0.108,0.102,51,M,0.939,0.038,0.023
512,24,I,0.031,0.113,0.856,50,I,0.125,0.029,0.845
513,24,S,0.072,0.839,0.09,51,S,0.021,0.904,0.074
514,24,M,0.842,0.055,0.103,51,M,0.855,0.115,0.03
515,24,S,0.083,0.811,0.106,52,S,0.027,0.88,0.093
516,24,M,0.892,0.074,0.034,52,M,0.831,0.077,0.092
517,24,M,0.834,0.079,0.086,51,M,0.815,0.096,0.089
518,24,M,0.907,0.06,0.032,52,M,0.942,0.03,0.028
519,24,M,0.883,0.066,0.051,52,M,0.818,0.066,0.116
520,25,M,0.786,0.098,0.116,52,M,0.846,0.064,0.09
521,24,M,0.88,0.084,0.037,53,M,0.91,0.062,0.028
522,25,S,0.069,0.876,0.055,52,S,0.061,0.864,0.075
523,25,M,0.8,0.105,0.095,52,M,0.881,0.031,0.088
524,24,M,0.905,0.059,0.036,53,M,0.809,0.088,0.103
525,25,S,0.114,0.792,0.094,53,S,0.022,0.904,0.074
526,24,M,0.912,0.063,0.026,52,M,0.874,0.064,0.062
527,24,M,0.871,0.095,0.035,52,M,0.838,0.029,0.132
528,25,M,0.76,0.122,0.118,52,M,0.867,0.086,0.047
529,24,M,0.893,0.023,0.084,54,M,0.824,0.086,0.09
530,25,M,0.812,0.078,0.11,53,M,0.916,0.038,0.046
531,25,M,0.866,0.114,0.02,53,I,0.083,0.097,0.82
532,24,M,0.938,0.03,0.032,54,M,0.805,0.085,0.11
533,24,S,0.069,0.807,0.124,54,I,0.075,0.09,0.835
534,25,S,0.108,0.797,0.095,53,S,0.119,0.848,0.033
535,25,M,0.901,0.059,0.04,54,M,0.911,0.021,0.068
536,25,M,0.824,0.097,0.079,53,M,0.751,0.125,0.124
537,25,M,0.813,0.109,0.078,55,I,0.084,0.096,0.82
538,25,M,0.882,0.044,0.074,53,M,0.802,0.084,0.114
539,25,M,0.801,0.089,0.11,54,M,0.896,0.068,0.036
540,25,M,0.896,0.079,0.025,55,M,0.895,0.081,0.024
541,25,M,0.882,0.093,0.026,55,M,0.803,0.092,0.105
542,25,M,0.88,0.03,0.089,55,M,0.902,0.065,0.033
543,25,M,0.881,0.029,0.091,55,M,0.945,0.028,0.027
544,25,I,0.076,0.078,0.846,55,I,0.042,0.118,0.84
545,25,M,0.772,0.111,0.118,55,M,0.87,0.059,0.072
546,25,M,0.853,0.089,0.058,55,M,0.89,0.037,0.073
547,25,M,0.8,0.115,0.085,57,M,0.786,0.125,0.089
548,24,M,0.808,0.111,0.081,55,M,0.913,0.055,0.032
549,25,M,0.866,0.043,0.091,56,M,0.846,0.108,0.047
550,25,M,0.878,0.041,0.081,56,M,0.921,0.029,0.05
551,25,M,0.919,0.049,0.032,57,M,0.798,0.089,0.113
552,25,S,0.125,0.844,0.031,56,I,0.127,0.112,0.761
553,25,I,0.131,0.061,0.807,57,I,0.1,0.058,0.843
554,25,M,0.902,0.038,0.061,57,M,0.851,0.066,0.083
555,25,S,0.092,0.815,0.093,57,S,0.122,0.829,0.048
556,25,M,0.86,0.057,0.083,57,M,0.864,0.078,0.059
557,25,S,0.066,0.906,0.028,57,S,0.059,0.852,0.089
558,25,M,0.865,0.089,0.046,57,M,0.851,0.108,0.041
559,25,M,0.897,0.048,0.055,58,M,0.78,0.113,0.106
560,25,M,0.869,0.047,0.084,58,M,0.822,0.116,0.062
561,26,M,0.843,0.067,0.09,58,M,0.877,0.021,0.102
562,25,M,0.82,0.091,0.089,58,M,0.774,0.112,0.114
563,26,S,0.08,0.886,0.034,59,S,0.08,0.884,0.036
564,25,M,0.819,0.128,0.053,57,M,0.938,0.032,0.03
565,25,S,0.074,0.899,0.027,59,S,0.114,0.842,0.043
566,26,S,0.106,0.87,0.025,58,S,0.028,0.864,0.108
567,26,S,0.051,0.88,0.069,59,S,0.088,0.833,0.079
568,25,M,0.876,0.094,0.031,58,M,0.859,0.106,0.035
569,25,M,0.822,0.069,0.109,59,M,0.838,0.093,0.069
570,25,M,0.833,0.095,0.072,58,M,0.922,0.048,0.029
571,26,M,0.816,0.089,0.095,58,M,0.912,0.05,0.038
572,26,M,0.92,0.025,0.055,59,M,0.801,0.091,0.108
573,25,M,0.866,0.072,0.062,59,M,0.82,0.09,0.09
574,25,M,0.886,0.087,0.026,59,S,0.031,0.879,0.09
575,25,S,0.046,0.824,0.13,60,S,0.048,0.908,0.043
576,25,M,0.899,0.069,0.032,60,M,0.784,0.087,0.129
577,26,M,0.862,0.081,0.057,61,M,0.923,0.036,0.041
578,26,M,0.862,0.066,0.072,61,M,0.863,0.111,0.026
579,26,M,0.877,0.04,0.083,60,M,0.868,0.087,0.045
580,26,M,0.814,0.071,0.116,60,M,0.858,0.025,0.117
581,25,M,0.804,0.117,0.079,61,M,0.903,0.027,0.07
582,25,M,0.82,0.13,0.05,62,M,0.839,0.057,0.103
583,25,M,0.876,0.096,0.027,60,M,0.888,0.041,0.071
584,26,M,0.834,0.114,0.052,62,M,0.888,0.044,0.068
585,26,M,0.869,0.111,0.02,61,M,0.869,0.064,0.067
586,26,S,0.064,0.818,0.118,62,M,0.879,0.046,0.074
587,26,M,0.811,0.081,0.108,62,M,0.869,0.025,0.107
588,26,M,0.876,0.045,0.079,62,M,0.875,0.022,0.103
589,26,M,0.837,0.113,0.05,62,M,0.841,0.095,0.064
590,26,M,0.833,0.114,0.053,63,M,0.869,0.106,0.024
591,26,M,0.899,0.04,0.061,61,M,0.838,0.04,0.122
592,26,M,0.828,0.111,0.061,62,M,0.841,0.118,0.041
593,26,M,0.938,0.033,0.029,62,M,0.785,0.085,0.13
594,26,I,0.105,0.088,0.807,62,S,0.062,0.887,0.05
595,26,I,0.112,0.063,0.824,63,I,0.027,0.038,0.935
596,26,M,0.886,0.092,0.022,62,M,0.866,0.052,0.083
597,27,M,0.852,0.095,0.053,64,M,0.846,0.068,0.086
598,26,M,0.788,0.11,0.102,63,M,0.872,0.028,0.1
599,27,M,0.847,0.037,0.115,63,M,0.862,0.116,0.022
600,26,M,0.836,0.082,0.082,63,M,0.82,0.074,0.106
601,26,M,0.845,0.095,0.059,64,M,0.783,0.111,0.106
602,26,M,0.874,0.089,0.038,63,I,0.067,0.108,0.826
603,26,I,0.131,0.038,0.831,64,I,0.043,0.029,0.928
604,27,M,0.813,0.089,0.098,64,M,0.873,0.054,0.073
605,26,M,0.858,0.116,0.026,65,M,0.819,0.085,0.097
606,26,M,0.827,0.131,0.042,65,M,0.856,0.069,0.075
607,26,M,0.902,0.063,0.035,64,I,0.085,0.109,0.806
608,26,M,0.861,0.043,0.096,64,M,0.831,0.092,0.077
609,27,M,0.799,0.074,0.126,64,M,0.862,0.064,0.075
610,27,M,0.866,0.038,0.096,65,M,0.872,0.096,0.032
611,27,M,0.883,0.032,0.084,65,M,0.801,0.079,0.12
612,27,M,0.869,0.094,0.037,65,I,0.114,0.102,0.784
613,26,M,0.792,0.1,0.108,66,M,0.765,0.121,0.114
614,27,M,0.914,0.046,0.041,65,M,0.85,0.025,0.125
615,26,M,0.83,0.072,0.098,66,M,0.828,0.08,0.092
616,27,M,0.902,0.052,0.046,66,M,0.791,0.123,0.085
617,26,M,0.808,0.124,0.068,66,M,0.842,0.065,0.093
618,26,M,0.825,0.095,0.08,67,M,0.838,0.056,0.107
619,27,M,0.915,0.055,0.03,66,M,0.849,0.039,0.112
620,26,I,0.077,0.114,0.809,68,I,0.04,0.074,0.886
621,26,M,0.82,0.096,0.084,66,M,0.829,0.11,0.061
622,26,M,0.839,0.047,0.113,67,M,0.809,0.101,0.091
623,27,S,0.061,0.835,0.105,67,S,0.053,0.825,0.121
624,27,M,0.92,0.03,0.05,67,M,0.86,0.022,0.118
625,27,M,0.932,0.041,0.027,67,M,0.906,0.023,0.07
626,27,M,0.851,0.037,0.113,69,M,0.885,0.046,0.069
627,27,S,0.107,0.822,0.071,67,S,0.039,0.901,0.06
628,27,I,0.11,0.114,0.775,68,I,0.036,0.029,0.934
629,27,M,0.886,0.04,0.073,68,M,0.866,0.113,0.021
630,27,S,0.072,0.812,0.116,68,S,0.074,0.815,0.11
631,27,M,0.916,0.058,0.025,69,M,0.755,0.121,0.123
632,27,M,0.848,0.06,0.093,69,M,0.852,0.033,0.115
633,27,M,0.788,0.118,0.094,69,M,0.82,0.075,0.105
634,27,M,0.834,0.05,0.115,69,M,0.807,0.102,0.091
635,27,M,0.861,0.023,0.116,70,M,0.865,0.099,0.035
636,27,M,0.891,0.077,0.031,69,M,0.785,0.12,0.095
637,28,M,0.859,0.052,0.088,69,M,0.855,0.082,0.063
638,27,M,0.824,0.087,0.089,70,M,0.871,0.095,0.035
639,27,I,0.044,0.072,0.884,70,I,0.093,0.057,0.851
640,27,M,0.802,0.095,0.103,69,M,0.838,0.066,0.096
641,27,M,0.843,0.11,0.046,70,M,0.847,0.115,0.038
642,27,M,0.827,0.107,0.066,70,M,0.915,0.039,0.046
643,28,M,0.859,0.045,0.096,71,M,0.912,0.032,0.056
644,27,S,0.077,0.865,0.058,71,M,0.872,0.03,0.097
645,28,M,0.861,0.099,0.04,71,M,0.824,0.108,0.068
646,28,M,0.81,0.107,0.083,72,M,0.902,0.046,0.052
647,28,M,0.841,0.126,0.034,72,M,0.846,0.113,0.041
648,28,M,0.869,0.098,0.033,72,M,0.76,0.117,0.123
649,27,M,0.877,0.021,0.102,72,M,0.861,0.094,0.045
650,28,M,0.932,0.031,0.037,72,M,0.839,0.107,0.054
651,27,M,0.893,0.076,0.031,72,M,0.923,0.025,0.053
652,27,S,0.086,0.848,0.065,72,S,0.053,0.888,0.06
653,27,M,0.813,0.089,0.098,72,M,0.835,0.054,0.11
654,27,I,0.041,0.03,0.929,73,I,0.097,0.059,0.844
655,28,M,0.909,0.056,0.035,72,S,0.054,0.879,0.067
656,28,S,0.083,0.835,0.082,73,S,0.03,0.894,0.076
657,28,M,0.855,0.066,0.079,72,M,0.839,0.107,0.054
658,28,M,0.878,0.073,0.048,72,M,0.857,0.037,0.105
659,28,S,0.088,0.823,0.089,74,S,0.044,0.899,0.057
660,28,M,0.874,0.057,0.07,73,M,0.841,0.103,0.056
661,28,M,0.824,0.112,0.064,73,M,0.854,0.088,0.058
662,28,M,0.856,0.095,0.049,73,I,0.101,0.081,0.817
663,28,M,0.853,0.1,0.047,73,M,0.792,0.09,0.118
664,28,M,0.816,0.087,0.097,74,M,0.807,0.117,0.076
665,28,S,0.051,0.906,0.042,73,S,0.103,0.797,0.1
666,28,M,0.864,0.058,0.078,75,M,0.896,0.036,0.068
667,27,M,0.818,0.113,0.069,75,M,0.837,0.11,0.053
668,28,I,0.054,0.108,0.838,74,I,0.106,0.089,0.805
669,28,M,0.902,0.042,0.056,75,M,0.848,0.043,0.11
670,28,I,0.027,0.118,0.856,75,S,0.108,0.838,0.055
671,28,M,0.83,0.088,0.082,75,M,0.827,0.052,0.12
672,28,M,0.892,0.075,0.033,75,M,0.803,0.123,0.074
673,28,S,0.054,0.875,0.071,76,S,0.082,0.889,0.029
674,28,M,0.822,0.119,0.059,76,M,0.871,0.025,0.104
675,28,M,0.861,0.049,0.09,75,M,0.867,0.087,0.046
676,28,S,0.07,0.829,0.101,77,S,0.094,0.813,0.093
677,28,M,0.838,0.049,0.112,77,M,0.834,0.107,0.059
678,28,M,0.808,0.084,0.108,76,M,0.83,0.085,0.085
679,28,M,0.899,0.051,0.05,77,M,0.817,0.122,0.06
680,28,M,0.861,0.059,0.079,76,S,0.105,0.854,0.041
681,28,M,0.88,0.068,0.052,77,M,0.793,0.097,0.11
682,28,M,0.835,0.078,0.087,77,M,0.795,0.093,0.113
683,29,I,0.111,0.074,0.815,77,I,0.108,0.065,0.827
684,28,M,0.891,0.088,0.021,77,M,0.877,0.023,0.1
685,28,S,0.067,0.871,0.063,78,S,0.062,0.82,0.118
686,29,M,0.844,0.05,0.106,78,M,0.862,0.079,0.06
687,29,M,0.813,0.096,0.091,79,M,0.847,0.122,0.03
688,29,M,0.835,0.114,0.051,77,M,0.813,0.093,0.094
689,29,M,0.834,0.129,0.037,78,M,0.93,0.041,0.03
690,29,M,0.864,0.091,0.045,78,M,0.831,0.095,0.074
691,28,M,0.892,0.054,0.054,79,M,0.89,0.024,0.086
692,28,M,0.809,0.065,0.126,79,M,0.861,0.034,0.106
693,28,M,0.844,0.096,0.06,78,M,0.911,0.047,0.042
694,29,M,0.856,0.044,0.1,80,M,0.858,0.089,0.053
695,28,M,0.837,0.061,0.102,79,M,0.861,0.06,0.079
696,29,M,0.899,0.047,0.054,80,M,0.891,0.044,0.065
697,29,M,0.908,0.033,0.059,80,M,0.841,0.072,0.087
698,29,M,0.904,0.055,0.042,80,M,0.8,0.131,0.069
699,28,M,0.797,0.095,0.107,80,M,0.842,0.1,0.058
700,29,M,0.859,0.093,0.048,79,M,0.866,0.08,0.054
701,29,I,0.121,0.132,0.747,81,M,0.851,0.033,0.116
702,29,M,0.899,0.079,0.022,80,M,0.843,0.129,0.029
703,29,M,0.791,0.123,0.086,80,M,0.885,0.035,0.08
704,29,M,0.88,0.071,0.049,81,M,0.87,0.03,0.1
705,29,M,0.884,0.033,0.083,82,M,0.864,0.072,0.063
706,29,I,0.074,0.04,0.886,82,I,0.048,0.065,0.887
707,29,M,0.792,0.116,0.092,82,M,0.864,0.093,0.043
708,29,M,0.889,0.035,0.077,81,M,0.887,0.083,0.03
709,28,M,0.862,0.051,0.087,82,M,0.912,0.032,0.057
710,29,M,0.798,0.111,0.092,83,M,0.853,0.043,0.104
711,29,M,0.937,0.022,0.041,82,M,0.808,0.091,0.102
712,29,M,0.825,0.101,0.074,83,M,0.854,0.108,0.037
713,28,M,0.948,0.028,0.025,82,M,0.883,0.044,0.073
714,29,M,0.871,0.052,0.077,82,M,0.857,0.054,0.089
715,29,M,0.862,0.022,0.117,84,M,0.878,0.04,0.082
716,29,M,0.814,0.078,0.108,84,M,0.836,0.103,0.061
717,29,S,0.126,0.849,0.025,83,S,0.06,0.871,0.07
718,30,S,0.066,0.818,0.116,84,S,0.087,0.864,0.049
719,29,M,0.817,0.064,0.119,83,M,0.795,0.107,0.098
720,30,M,0.814,0.129,0.057,84,M,0.854,0.049,0.097
721,29,S,0.071,0.816,0.113,85,S,0.108,0.824,0.069
722,29,M,0.89,0.072,0.038,84,M,0.795,0.114,0.091
723,29,S,0.112,0.796,0.092,84,S,0.059,0.857,0.084
724,29,M,0.878,0.021,0.101,85,M,0.944,0.028,0.028
725,29,M,0.879,0.035,0.086,84,M,0.834,0.093,0.074
726,30,S,0.116,0.817,0.067,84,S,0.038,0.866,0.096
727,29,M,0.906,0.033,0.061,85,M,0.829,0.1,0.072
728,30,M,0.796,0.111,0.093,86,M,0.842,0.083,0.075
729,30,S,0.096,0.838,0.066,86,S,0.028,0.876,0.095
730,29,M,0.848,0.036,0.116,86,M,0.892,0.037,0.072
731,29,M,0.83,0.09,0.08,87,M,0.863,0.035,0.102
732,30,M,0.818,0.074,0.108,85,M,0.913,0.034,0.054
733,29,M,0.936,0.031,0.032,86,M,0.801,0.089,0.11
734,30,I,0.03,0.093,0.877,86,I,0.031,0.108,0.861
735,30,M,0.885,0.042,0.073,86,I,0.051,0.112,0.838
736,30,S,0.036,0.861,0.103,86,S,0.098,0.821,0.081
737,30,M,0.822,0.092,0.086,87,M,0.856,0.075,0.069
738,29,M,0.903,0.054,0.043,88,M,0.84,0.053,0.106
739,30,M,0.846,0.083,0.071,88,M,0.9,0.032,0.068
740,29,S,0.095,0.832,0.073,87,S,0.116,0.772,0.111
741,29,M,0.905,0.029,0.066,89,M,0.804,0.12,0.075
742,30,M,0.784,0.103,0.113,87,M,0.86,0.026,0.114
743,30,M,0.903,0.062,0.035,88,M,0.929,0.036,0.036
744,30,I,0.036,0.026,0.937,88,I,0.108,0.079,0.813
745,30,M,0.87,0.051,0.079,88,M,0.9,0.036,0.065
746,30,M,0.846,0.112,0.042,88,M,0.849,0.1,0.05
747,30,M,0.814,0.098,0.088,88,M,0.831,0.038,0.131
748,30,M,0.819,0.093,0.088,88,M,0.89,0.082,0.028
749,30,M,0.811,0.122,0.067,90,M,0.875,0.047,0.078
750,30,I,0.13,0.058,0.812,89,I,0.026,0.104,0.87
751,30,M,0.803,0.122,0.075,90,I,0.094,0.099,0.807
752,30,S,0.052,0.84,0.107,91,S,0.088,0.858,0.054
753,30,M,0.904,0.053,0.043,90,M,0.813,0.068,0.119
754,30,S,0.055,0.905,0.04,90,S,0.053,0.911,0.036
755,30,M,0.794,0.119,0.087,91,M,0.865,0.03,0.105
756,30,M,0.897,0.031,0.072,91,M,0.887,0.054,0.059
757,30,M,0.773,0.117,0.109,91,M,0.914,0.058,0.027
758,30,M,0.822,0.088,0.09,90,M,0.826,0.115,0.059
759,30,I,0.085,0.093,0.822,90,I,0.115,0.13,0.755
760,30,S,0.052,0.901,0.047,91,S,0.064,0.827,0.108
761,30,S,0.033,0.886,0.081,92,S,0.09,0.817,0.094
762,31,M,0.877,0.06,0.063,91,M,0.808,0.116,0.076
763,30,M,0.82,0.104,0.076,93,M,0.854,0.12,0.026
764,30,S,0.077,0.891,0.032,92,S,0.101,0.824,0.075
765,30,I,0.105,0.071,0.824,93,I,0.098,0.097,0.804
766,30,M,0.904,0.056,0.04,92,M,0.85,0.104,0.046
767,30,M,0.89,0.063,0.046,93,S,0.105,0.771,0.124
768,30,M,0.887,0.048,0.065,93,M,0.787,0.103,0.11
769,31,M,0.87,0.022,0.108,93,M,0.878,0.101,0.021
770,30,M,0.913,0.054,0.034,93,M,0.855,0.073,0.072
771,31,M,0.799,0.104,0.097,94,M,0.86,0.051,0.089
772,31,M,0.821,0.098,0.081,94,I,0.032,0.114,0.854
773,30,M,0.839,0.106,0.055,95,M,0.794,0.107,0.099
774,30,M,0.887,0.05,0.063,93,M,0.827,0.077,0.096
775,30,M,0.853,0.066,0.081,94,M,0.788,0.112,0.099
776,31,M,0.874,0.033,0.093,94,M,0.825,0.071,0.104
777,30,S,0.104,0.794,0.103,94,S,0.058,0.871,0.072
778,31,M,0.841,0.07,0.089,94,M,0.807,0.081,0.113
779,30,M,0.887,0.055,0.057,95,M,0.924,0.029,0.047
780,31,M,0.899,0.056,0.044,96,M,0.951,0.025,0.024
781,30,M,0.842,0.108,0.05,95,M,0.798,0.108,0.094
782,31,M,0.913,0.065,0.023,95,M,0.87,0.036,0.095
783,30,S,0.052,0.918,0.031,96,S,0.088,0.841,0.071
784,31,M,0.857,0.077,0.066,95,M,0.924,0.032,0.044
785,31,S,0.06,0.808,0.132,95,S,0.043,0.876,0.081
786,30,M,0.843,0.107,0.05,96,M,0.903,0.039,0.058
787,31,M,0.848,0.057,0.095,95,M,0.835,0.066,0.098
788,30,M,0.857,0.103,0.04,96,M,0.895,0.029,0.076
789,31,M,0.805,0.11,0.085,97,M,0.834,0.054,0.112
790,31,M,0.888,0.045,0.066,97,S,0.119,0.769,0.111
791,31,M,0.814,0.13,0.056,98,M,0.849,0.088,0.063
792,31,M,0.844,0.11,0.046,97,M,0.865,0.082,0.053
793,31,M,0.842,0.104,0.054,97,M,0.827,0.097,0.076
794,31,M,0.826,0.098,0.076,98,M,0.853,0.118,0.029
795,31,M,0.836,0.07,0.094,97,M,0.878,0.036,0.086
796,31,M,0.914,0.046,0.04,98,M,0.889,0.039,0.072
797,31,S,0.11,0.791,0.1,98,S,0.059,0.839,0.102
798,31,M,0.87,0.078,0.052,98,M,0.892,0.083,0.025
799,31,I,0.03,0.091,0.878,99,I,0.086,0.103,0.811
800,31,M,0.871,0.035,0.093,99,M,0.81,0.071,0.119
801,31,M,0.85,0.096,0.054,98,M,0.859,0.105,0.035
802,31,M,0.861,0.029,0.11,99,M,0.891,0.033,0.076
803,31,M,0.882,0.054,0.063,100,M,0.827,0.093,0.08
804,31,M,0.792,0.103,0.105,99,M,0.861,0.032,0.106
805,32,M,0.85,0.106,0.044,100,M,0.915,0.044,0.041
806,31,M,0.85,0.059,0.091,100,M,0.872,0.104,0.024
807,31,M,0.897,0.049,0.054,100,M,0.85,0.1,0.05
808,31,S,0.072,0.872,0.056,100,S,0.1,0.839,0.061
809,31,M,0.886,0.047,0.067,102,M,0.838,0.097,0.065
810,31,M,0.84,0.086,0.074,101,M,0.85,0.108,0.042
811,32,I,0.026,0.082,0.892,100,I,0.114,0.111,0.775
812,32,S,0.12,0.837,0.044,101,S,0.043,0.894,0.063
813,31,M,0.86,0.064,0.076,101,M,0.832,0.084,0.085
814,32,M,0.868,0.098,0.034,102,M,0.801,0.104,0.095
815,31,M,0.813,0.085,0.102,101,M,0.823,0.099,0.078
816,32,M,0.849,0.058,0.092,102,M,0.815,0.068,0.118
817,32,M,0.86,0.034,0.106,102,M,0.863,0.113,0.024
818,32,M,0.906,0.027,0.067,102,S,0.034,0.849,0.118
819,32,M,0.779,0.104,0.116,103,M,0.785,0.12,0.095
820,32,S,0.033,0.908,0.059,103,S,0.098,0.842,0.06
821,32,M,0.825,0.089,0.085,103,M,0.838,0.11,0.052
822,31,M,0.866,0.089,0.044,104,M,0.827,0.097,0.076
823,31,S,0.06,0.911,0.029,103,S,0.094,0.884,0.022
824,31,I,0.124,0.085,0.791,104,I,0.118,0.033,0.849
825,32,M,0.791,0.116,0.092,103,M,0.897,0.027,0.076
826,32,M,0.873,0.043,0.084,104,M,0.865,0.07,0.066
827,32,M,0.85,0.037,0.112,104,M,0.89,0.042,0.067
828,32,M,0.812,0.127,0.061,105,M,0.882,0.093,0.025
829,31,I,0.14,0.09,0.77,104,I,0.123,0.036,0.841
830,31,M,0.774,0.113,0.113,104,M,0.833,0.046,0.121
831,32,I,0.088,0.071,0.84,105,I,0.07,0.108,0.823
832,32,M,0.879,0.033,0.088,105,M,0.923,0.048,0.028
833,32,M,0.875,0.086,0.039,106,M,0.856,0.12,0.023
834,32,S,0.097,0.8,0.103,106,S,0.058,0.821,0.121
835,32,I,0.088,0.105,0.808,105,I,0.144,0.058,0.798
836,32,I,0.084,0.063,0.853,107,I,0.124,0.108,0.768
837,32,I,0.03,0.074,0.896,107,I,0.069,0.106,0.825
838,32,M,0.779,0.117,0.104,107,M,0.887,0.085,0.028
839,32,S,0.099,0.823,0.077,106,S,0.108,0.837,0.055
840,32,I,0.103,0.083,0.814,107,I,0.112,0.106,0.782
841,32,M,0.873,0.056,0.071,107,M,0.834,0.063,0.103
842,32,M,0.806,0.086,0.108,108,M,0.831,0.068,0.101
843,32,M,0.881,0.043,0.076,107,M,0.882,0.022,0.097
844,32,M,0.802,0.123,0.075,109,M,0.8,0.117,0.082
845,33,M,0.773,0.118,0.11,108,M,0.829,0.042,0.13
846,32,S,0.044,0.853,0.103,109,S,0.033,0.94,0.028
847,32,M,0.844,0.096,0.06,108,M,0.796,0.111,0.093
848,32,M,0.831,0.091,0.078,109,S,0.075,0.803,0.122
849,33,M,0.774,0.114,0.111,108,M,0.799,0.128,0.073
850,32,S,0.072,0.832,0.096,109,S,0.046,0.896,0.058
851,32,M,0.817,0.091,0.093,109,M,0.855,0.034,0.11
852,33,M,0.826,0.112,0.062,110,M,0.831,0.112,0.056
853,32,M,0.883,0.04,0.077,110,M,0.856,0.046,0.098
854,33,S,0.041,0.888,0.072,109,S,0.035,0.905,0.06
855,33,M,0.858,0.053,0.089,110,I,0.038,0.107,0.855
856,33,M,0.915,0.042,0.042,109,I,0.051,0.037,0.912
857,33,M,0.811,0.102,0.086,110,M,0.847,0.056,0.097
858,32,M,0.875,0.045,0.079,110,M,0.854,0.084,0.062
859,33,M,0.774,0.117,0.109,112,M,0.875,0.059,0.065
860,32,M,0.854,0.03,0.117,110,M,0.804,0.097,0.099
861,32,M,0.869,0.056,0.075,111,M,0.905,0.07,0.025
862,32,M,0.855,0.047,0.098,112,M,0.816,0.087,0.097
863,32,M,0.896,0.03,0.074,112,M,0.891,0.041,0.068
864,33,M,0.846,0.043,0.111,113,M,0.765,0.114,0.121
865,33,M,0.857,0.042,0.102,111,M,0.813,0.117,0.07
866,33,I,0.15,0.077,0.773,112,I,0.076,0.073,0.851
867,32,I,0.063,0.057,0.881,112,I,0.099,0.05,0.851
868,33,M,0.831,0.124,0.045,114,M,0.875,0.042,0.083
869,33,M,0.89,0.069,0.041,112,M,0.805,0.105,0.09
870,33,M,0.791,0.117,0.092,114,M,0.904,0.024,0.072
871,32,M,0.898,0.036,0.066,113,M,0.847,0.028,0.125
872,33,I,0.08,0.131,0.789,114,I,0.091,0.143,0.766
873,33,M,0.876,0.035,0.089,114,M,0.853,0.055,0.093
874,33,S,0.083,0.792,0.125,114,S,0.123,0.813,0.064
875,33,M,0.892,0.022,0.086,115,M,0.908,0.068,0.024
876,33,M,0.877,0.087,0.037,114,M,0.841,0.108,0.051
877,33,M,0.857,0.096,0.046,115,M,0.881,0.028,0.091
878,33,M,0.863,0.063,0.073,116,M,0.848,0.115,0.038
879,33,M,0.844,0.064,0.093,115,M,0.817,0.077,0.106
880,33,M,0.84,0.081,0.079,116,M,0.846,0.036,0.118
881,33,S,0.065,0.881,0.054,115,S,0.051,0.855,0.093
882,33,M,0.813,0.096,0.091,116,M,0.853,0.046,0.101
883,33,M,0.876,0.032,0.093,115,M,0.849,0.064,0.087
884,33,M,0.842,0.1,0.058,115,M,0.906,0.066,0.027
885,34,M,0.858,0.065,0.077,116,M,0.792,0.106,0.102
886,33,S,0.082,0.843,0.075,118,S,0.031,0.863,0.106
887,34,S,0.059,0.844,0.097,117,S,0.088,0.841,0.071
888,34,M,0.785,0.119,0.096,118,M,0.793,0.114,0.093
889,33,M,0.785,0.113,0.102,118,M,0.87,0.064,0.066
890,33,M,0.9,0.078,0.023,117,M,0.799,0.106,0.095
891,34,M,0.908,0.025,0.067,117,S,0.049,0.907,0.043
892,33,I,0.087,0.036,0.877,118,I,0.114,0.133,0.753
893,34,S,0.096,0.798,0.106,117,S,0.064,0.869,0.067
894,33,M,0.854,0.058,0.088,117,M,0.937,0.031,0.033
895,34,M,0.862,0.108,0.029,119,M,0.837,0.112,0.051
896,33,M,0.928,0.025,0.047,120,M,0.834,0.104,0.062
897,33,M,0.823,0.134,0.044,119,M,0.865,0.059,0.076
898,33,S,0.125,0.793,0.082,119,S,0.087,0.814,0.1
899,34,M,0.841,0.112,0.047,120,M,0.772,0.122,0.106
900,33,M,0.848,0.128,0.024,120,M,0.826,0.108,0.066
901,33,M,0.857,0.08,0.063,120,I,0.044,0.079,0.877
902,34,M,0.792,0.094,0.114,120,M,0.857,0.118,0.025
903,34,M,0.844,0.039,0.117,121,M,0.875,0.102,0.023
904,34,M,0.874,0.058,0.068,120,S,0.044,0.912,0.044
905,33,S,0.098,0.827,0.075,120,S,0.052,0.919,0.03
906,34,M,0.814,0.105,0.081,120,M,0.869,0.04,0.091
907,34,S,0.115,0.772,0.113,122,S,0.046,0.924,0.03
908,34,S,0.093,0.871,0.035,122,S,0.04,0.899,0.061
909,34,M,0.842,0.036,0.122,122,M,0.947,0.026,0.027
910,34,M,0.885,0.029,0.086,122,M,0.84,0.089,0.071
911,34,M,0.871,0.066,0.063,122,M,0.866,0.058,0.076
912,34,M,0.832,0.117,0.052,123,M,0.843,0.074,0.084
913,34,S,0.106,0.829,0.066,122,M,0.817,0.082,0.102
914,34,M,0.849,0.049,0.102,123,M,0.872,0.04,0.088
915,33,I,0.133,0.031,0.835,122,I,0.096,0.119,0.785
916,34,M,0.86,0.07,0.07,123,M,0.828,0.103,0.069
917,34,M,0.927,0.034,0.039,123,M,0.885,0.077,0.038
918,34,M,0.846,0.05,0.104,124,M,0.927,0.043,0.031
919,34,M,0.906,0.064,0.031,124,M,0.875,0.066,0.059
920,34,M,0.874,0.051,0.075,124,M,0.772,0.115,0.112
921,34,S,0.029,0.927,0.044,124,S,0.076,0.892,0.032
922,34,S,0.07,0.837,0.093,125,S,0.13,0.83,0.04
923,34,M,0.866,0.045,0.088,124,M,0.819,0.078,0.103
924,34,M,0.869,0.079,0.053,124,M,0.846,0.117,0.037
925,34,M,0.916,0.06,0.024,124,S,0.037,0.866,0.098
926,34,M,0.872,0.065,0.064,125,M,0.838,0.062,0.1
927,34,M,0.808,0.082,0.11,125,I,0.121,0.076,0.803
928,34,M,0.874,0.097,0.029,125,M,0.895,0.04,0.065
929,34,M,0.811,0.105,0.085,126,M,0.85,0.107,0.043
930,34,M,0.871,0.1,0.028,127,I,0.032,0.027,0.941
931,34,M,0.83,0.057,0.113,126,S,0.108,0.797,0.095
932,34,M,0.877,0.04,0.083,127,M,0.818,0.081,0.101
933,35,M,0.881,0.073,0.046,126,M,0.792,0.099,0.11
934,34,M,0.843,0.126,0.031,128,M,0.905,0.06,0.035
935,35,M,0.821,0.057,0.122,128,M,0.796,0.081,0.123
936,34,M,0.893,0.05,0.057,128,M,0.877,0.025,0.098
937,34,M,0.853,0.089,0.058,127,I,0.086,0.075,0.839
938,34,M,0.827,0.095,0.078,128,M,0.763,0.118,0.119
939,35,M,0.897,0.056,0.047,128,M,0.908,0.055,0.036
940,35,M,0.793,0.121,0.086,129,M,0.872,0.097,0.031
941,35,M,0.867,0.091,0.042,129,M,0.876,0.084,0.04
942,35,M,0.825,0.109,0.066,129,M,0.842,0.113,0.045
943,35,M,0.849,0.104,0.047,128,M,0.882,0.053,0.065
944,34,M,0.843,0.102,0.055,129,M,0.799,0.078,0.124
945,35,M,0.802,0.082,0.116,129,I,0.106,0.106,0.788
946,35,M,0.815,0.082,0.103,130,M,0.854,0.087,0.059
947,35,I,0.038,0.102,0.86,131,I,0.11,0.101,0.79
948,34,S,0.035,0.923,0.042,130,M,0.89,0.059,0.05
949,35,M,0.823,0.042,0.135,130,M,0.91,0.031,0.06
950,35,M,0.876,0.038,0.087,130,M,0.921,0.039,0.04
951,35,M,0.897,0.058,0.045,131,M,0.789,0.106,0.105
952,35,M,0.791,0.102,0.108,131,M,0.803,0.109,0.089
953,35,S,0.064,0.879,0.057,131,S,0.065,0.824,0.112
954,34,M,0.865,0.083,0.052,131,M,0.844,0.081,0.075
955,35,S,0.044,0.864,0.092,132,S,0.029,0.891,0.08
956,35,M,0.88,0.026,0.095,132,M,0.784,0.097,0.119
957,35,S,0.056,0.866,0.077,132,S,0.035,0.931,0.035
958,35,M,0.901,0.057,0.041,132,M,0.862,0.085,0.053
959,35,M,0.919,0.043,0.038,133,M,0.901,0.034,0.065
960,35,M,0.811,0.099,0.09,133,M,0.918,0.044,0.039
961,35,M,0.818,0.104,0.078,133,M,0.759,0.12,0.121
962,35,M,0.873,0.025,0.102,133,M,0.921,0.049,0.029
963,35,S,0.066,0.911,0.023,133,S,0.09,0.848,0.063
964,35,S,0.065,0.864,0.071,134,S,0.122,0.776,0.102
965,35,S,0.101,0.803,0.096,134,S,0.081,0.851,0.068
966,35,M,0.897,0.043,0.06,135,M,0.831,0.098,0.07
967,35,M,0.836,0.132,0.032,135,M,0.936,0.031,0.033
968,35,S,0.03,0.924,0.046,134,M,0.887,0.035,0.078
969,36,M,0.812,0.079,0.109,136,M,0.827,0.13,0.043
970,35,M,0.819,0.076,0.104,135,M,0.878,0.096,0.025
971,36,S,0.103,0.852,0.046,135,S,0.09,0.869,0.04
972,36,M,0.886,0.07,0.044,137,M,0.853,0.061,0.086
973,35,M,0.849,0.087,0.063,135,M,0.772,0.125,0.102
974,36,M,0.827,0.116,0.057,137,M,0.784,0.102,0.114
975,35,M,0.843,0.042,0.116,136,M,0.846,0.048,0.106
976,35,M,0.786,0.122,0.093,136,M,0.834,0.105,0.062
977,36,M,0.88,0.057,0.063,137,M,0.853,0.083,0.064
978,36,M,0.859,0.09,0.051,136,M,0.877,0.04,0.083
979,35,M,0.887,0.033,0.08,136,M,0.884,0.093,0.023
980,35,S,0.078,0.839,0.082,137,S,0.077,0.873,0.05
981,36,M,0.791,0.131,0.077,138,M,0.816,0.071,0.114
982,36,M,0.855,0.058,0.087,137,M,0.827,0.079,0.095
983,36,M,0.883,0.085,0.032,137,M,0.82,0.078,0.102
984,36,M,0.864,0.111,0.025,138,M,0.777,0.096,0.127
985,36,M,0.925,0.029,0.046,138,M,0.843,0.112,0.046
986,36,M,0.847,0.084,0.07,140,M,0.899,0.024,0.078
987,36,M,0.924,0.028,0.048,138,M,0.837,0.057,0.106
988,36,M,0.81,0.129,0.062,139,M,0.851,0.108,0.042
989,36,M,0.853,0.031,0.117,139,M,0.898,0.081,0.021
990,35,M,0.903,0.033,0.064,141,M,0.843,0.117,0.04
991,36,M,0.851,0.085,0.063,141,I,0.118,0.106,0.776
992,35,M,0.815,0.071,0.113,140,M,0.814,0.069,0.117
993,36,M,0.879,0.031,0.09,141,M,0.82,0.087,0.094
994,35,S,0.058,0.881,0.061,140,S,0.11,0.834,0.056
995,36,M,0.862,0.052,0.086,141,M,0.884,0.087,0.028
996,36,M,0.853,0.086,0.061,142,S,0.112,0.821,0.067
997,36,M,0.818,0.089,0.092,142,M,0.84,0.077,0.084
998,36,M,0.787,0.11,0.103,141,M,0.794,0.092,0.114
999,36,M,0.909,0.063,0.028,141,M,0.816,0.07,0.114
1000,36,M,0.841,0.086,0.073,142,I,0.038,0.046,0.916
1001,36,M,0.786,0.119,0.094,143,M,0.887,0.089,0.024
1002,36,M,0.877,0.047,0.076,142,M,0.854,0.087,0.059
1003,36,M,0.813,0.077,0.111,144,M,0.877,0.052,0.071
1004,36,M,0.831,0.083,0.086,144,M,0.935,0.033,0.031
1005,36,M,0.86,0.044,0.095,144,M,0.913,0.062,0.025
1006,36,M,0.862,0.097,0.041,143,M,0.891,0.059,0.05
1007,37,M,0.857,0.032,0.111,144,M,0.91,0.065,0.025
1008,36,S,0.125,0.835,0.04,144,S,0.088,0.83,0.082
1009,36,M,0.862,0.108,0.03,144,M,0.884,0.066,0.05
1010,36,M,0.939,0.033,0.028,145,M,0.762,0.12,0.118
1011,36,M,0.938,0.029,0.033,146,I,0.046,0.039,0.915
1012,37,M,0.843,0.05,0.107,144,M,0.892,0.067,0.041
1013,37,M,0.916,0.046,0.038,145,M,0.864,0.106,0.03
1014,36,M,0.825,0.108,0.066,145,M,0.831,0.094,0.074
1015,36,M,0.865,0.046,0.089,145,M,0.845,0.088,0.067
1016,36,M,0.855,0.065,0.079,146,M,0.821,0.112,0.067
1017,37,S,0.058,0.908,0.034,147,S,0.052,0.849,0.099
1018,36,S,0.1,0.877,0.024,146,S,0.114,0.828,0.058
1019,36,M,0.834,0.076,0.089,146,M,0.851,0.059,0.09
1020,36,M,0.877,0.099,0.024,147,M,0.896,0.077,0.027
1021,37,M,0.831,0.04,0.129,147,M,0.901,0.07,0.029
1022,37,M,0.88,0.074,0.045,147,M,0.85,0.03,0.12
1023,37,S,0.063,0.859,0.078,147,S,0.109,0.843,0.048
1024,37,M,0.821,0.102,0.078,148,M,0.858,0.097,0.044
1025,37,M,0.841,0.111,0.048,148,M,0.917,0.037,0.045
1026,37,M,0.848,0.067,0.086,148,M,0.809,0.08,0.112
1027,37,M,0.819,0.125,0.056,149,M,0.825,0.064,0.112
1028,37,M,0.897,0.042,0.061,148,M,0.846,0.034,0.12
1029,37,M,0.923,0.025,0.052,149,M,0.805,0.108,0.087
1030,36,S,0.124,0.77,0.106,149,M,0.802,0.066,0.133
1031,37,M,0.867,0.084,0.048,150,M,0.884,0.031,0.085
1032,36,M,0.875,0.074,0.051,150,M,0.861,0.097,0.042
1033,37,M,0.867,0.095,0.038,150,M,0.932,0.038,0.03
1034,37,M,0.812,0.113,0.075,150,M,0.867,0.05,0.083
1035,37,M,0.885,0.041,0.074,150,M,0.835,0.105,0.06
1036,37,M,0.886,0.093,0.021,152,M,0.873,0.06,0.067
1037,37,M,0.839,0.063,0.099,152,M,0.817,0.117,0.067
1038,37,M,0.831,0.097,0.073,152,M,0.804,0.117,0.079
1039,37,S,0.137,0.807,0.056,152,S,0.081,0.892,0.027
1040,37,M,0.878,0.069,0.053,152,M,0.83,0.047,0.122
1041,37,S,0.069,0.822,0.109,152,S,0.105,0.831,0.064
1042,37,M,0.843,0.081,0.076,153,M,0.781,0.106,0.113
1043,37,M,0.865,0.054,0.082,152,M,0.854,0.105,0.042
1044,37,M,0.833,0.049,0.119,152,M,0.92,0.035,0.045
1045,38,S,0.035,0.859,0.106,154,S,0.04,0.9,0.06
1046,37,M,0.802,0.104,0.094,153,M,0.923,0.033,0.044
1047,37,M,0.864,0.103,0.033,153,M,0.912,0.045,0.043
1048,37,M,0.824,0.074,0.103,154,M,0.925,0.047,0.028
1049,37,M,0.763,0.124,0.113,154,M,0.823,0.09,0.087
1050,37,M,0.804,0.106,0.09,154,M,0.893,0.077,0.03
1051,38,M,0.861,0.065,0.074,155,M,0.907,0.033,0.061
1052,37,M,0.806,0.084,0.11,156,M,0.898,0.047,0.055
1053,37,M,0.776,0.103,0.121,154,M,0.786,0.11,0.104
1054,38,M,0.836,0.069,0.095,155,M,0.852,0.028,0.12
1055,37,S,0.04,0.838,0.122,155,S,0.053,0.836,0.111
1056,37,M,0.797,0.109,0.094,156,M,0.806,0.087,0.106
1057,38,M,0.825,0.064,0.111,157,M,0.82,0.118,0.062
1058,37,M,0.805,0.129,0.066,156,M,0.921,0.036,0.043
1059,37,M,0.912,0.028,0.061,157,I,0.066,0.043,0.891
1060,37,M,0.869,0.095,0.036,157,M,0.853,0.065,0.081
1061,38,M,0.834,0.12,0.046,158,M,0.946,0.03,0.024
1062,37,M,0.842,0.12,0.038,158,M,0.87,0.023,0.106
1063,38,M,0.852,0.079,0.069,157,M,0.85,0.126,0.025
1064,38,M,0.875,0.069,0.055,157,M,0.864,0.079,0.056
1065,37,S,0.112,0.786,0.102,159,S,0.103,0.821,0.076
1066,37,M,0.888,0.071,0.041,159,M,0.832,0.069,0.099
1067,37,M,0.894,0.05,0.056,158,M,0.873,0.076,0.05
1068,37,M,0.903,0.069,0.028,160,M,0.879,0.092,0.03
1069,38,M,0.879,0.026,0.096,159,M,0.838,0.089,0.073
1070,38,M,0.798,0.093,0.108,159,M,0.84,0.074,0.086
1071,37,S,0.048,0.93,0.022,160,S,0.123,0.795,0.082
1072,38,M,0.915,0.054,0.031,161,M,0.889,0.05,0.062
1073,38,M,0.819,0.09,0.091,160,M,0.792,0.096,0.112
1074,38,M,0.918,0.037,0.046,159,M,0.827,0.072,0.101
1075,38,I,0.13,0.137,0.733,161,I,0.122,0.074,0.804
1076,38,S,0.118,0.774,0.108,161,S,0.059,0.861,0.08
1077,38,M,0.899,0.032,0.069,161,M,0.863,0.101,0.036
1078,38,S,0.114,0.807,0.079,161,S,0.086,0.851,0.062
1079,38,M,0.822,0.083,0.095,161,M,0.819,0.08,0.101
1080,38,M,0.888,0.089,0.023,161,M,0.853,0.052,0.095
1081,38,S,0.072,0.831,0.097,161,S,0.084,0.793,0.124
1082,38,M,0.884,0.079,0.037,163,M,0.876,0.05,0.074
1083,38,M,0.89,0.03,0.08,163,M,0.919,0.025,0.057
1084,38,M,0.859,0.09,0.051,162,M,0.898,0.046,0.056
1085,38,M,0.854,0.076,0.069,163,M,0.839,0.089,0.072
1086,39,M,0.932,0.03,0.039,164,M,0.882,0.035,0.083
1087,38,M,0.909,0.048,0.042,164,S,0.046,0.883,0.071
1088,38,M,0.816,0.091,0.093,163,M,0.868,0.022,0.11
1089,38,M,0.864,0.028,0.107,164,M,0.813,0.125,0.062
1090,38,M,0.842,0.06,0.098,165,M,0.843,0.131,0.026
1091,38,S,0.07,0.835,0.096,164,I,0.074,0.098,0.828
1092,39,M,0.889,0.058,0.053,164,M,0.892,0.059,0.049
1093,39,M,0.878,0.072,0.051,165,M,0.88,0.032,0.087
1094,39,M,0.858,0.096,0.046,166,M,0.902,0.054,0.044
1095,39,M,0.857,0.114,0.028,166,M,0.809,0.098,0.093
1096,38,S,0.103,0.862,0.035,166,S,0.117,0.824,0.06
1097,39,M,0.879,0.024,0.097,165,M,0.843,0.118,0.04
1098,38,M,0.897,0.055,0.048,165,M,0.941,0.024,0.035
1099,38,M,0.869,0.072,0.059,167,M,0.811,0.106,0.083
1100,38,M,0.861,0.096,0.042,167,M,0.792,0.115,0.093
1101,38,I,0.031,0.133,0.835,167,I,0.094,0.118,0.788
1102,39,M,0.839,0.107,0.054,166,M,0.873,0.042,0.085
1103,39,S,0.058,0.904,0.038,167,S,0.072,0.815,0.113
1104,38,M,0.867,0.043,0.089,167,M,0.906,0.033,0.062
1105,38,S,0.049,0.838,0.113,169,S,0.069,0.825,0.106
1106,39,M,0.846,0.102,0.052,168,M,0.828,0.079,0.092
1107,39,M,0.82,0.094,0.086,168,M,0.857,0.048,0.095
1108,39,S,0.096,0.811,0.093,169,S,0.071,0.799,0.13
1109,39,M,0.829,0.062,0.109,168,M,0.884,0.041,0.075
1110,38,M,0.821,0.108,0.071,169,M,0.86,0.025,0.116
1111,38,M,0.857,0.086,0.057,169,M,0.872,0.039,0.089
1112,39,M,0.908,0.064,0.029,170,M,0.864,0.071,0.065
1113,39,M,0.863,0.032,0.105,169,M,0.883,0.036,0.081
1114,39,M,0.883,0.022,0.095,170,M,0.841,0.104,0.055
1115,38,M,0.825,0.077,0.098,171,M,0.805,0.13,0.065
1116,39,M,0.893,0.066,0.041,170,M,0.846,0.085,0.07
1117,39,M,0.867,0.076,0.057,171,M,0.888,0.074,0.039
1118,39,M,0.812,0.101,0.087,172,M,0.779,0.108,0.113
1119,39,M,0.918,0.033,0.049,171,M,0.769,0.115,0.116
1120,39,S,0.028,0.869,0.104,171,S,0.045,0.857,0.098
1121,39,S,0.086,0.848,0.066,172,S,0.072,0.845,0.083
1122,39,M,0.792,0.078,0.129,173,M,0.82,0.132,0.048
1123,39,M,0.798,0.108,0.094,172,M,0.926,0.028,0.047
1124,39,M,0.84,0.122,0.039,173,M,0.835,0.07,0.095
1125,39,M,0.801,0.076,0.123,173,M,0.856,0.078,0.066
1126,39,M,0.877,0.039,0.084,174,M,0.817,0.071,0.112
1127,39,M,0.858,0.099,0.043,174,M,0.87,0.098,0.032
1128,40,I,0.073,0.042,0.884,174,I,0.141,0.034,0.825
1129,39,M,0.865,0.047,0.088,174,M,0.766,0.113,0.122
1130,40,M,0.845,0.063,0.092,175,M,0.79,0.122,0.088
1131,39,M,0.854,0.058,0.088,175,M,0.875,0.1,0.025
1132,39,M,0.794,0.109,0.096,176,M,0.86,0.046,0.094
1133,39,S,0.079,0.838,0.082,175,S,0.078,0.807,0.115
1134,39,M,0.889,0.021,0.09,175,M,0.857,0.056,0.088
1135,39,S,0.074,0.827,0.098,176,S,0.102,0.81,0.088
1136,39,M,0.8,0.111,0.088,175,M,0.806,0.11,0.084
1137,40,M,0.892,0.036,0.072,177,M,0.85,0.111,0.039
1138,40,M,0.8,0.085,0.115,177,M,0.828,0.109,0.063
1139,40,M,0.871,0.077,0.052,177,M,0.864,0.053,0.082
1140,40,M,0.799,0.1,0.101,176,M,0.793,0.1,0.108
1141,39,M,0.84,0.115,0.045,177,M,0.866,0.074,0.06
1142,39,I,0.121,0.084,0.795,178,I,0.134,0.031,0.834
1143,40,M,0.852,0.107,0.041,178,M,0.794,0.118,0.088
1144,40,M,0.853,0.071,0.076,178,M,0.785,0.105,0.11
1145,40,I,0.076,0.117,0.807,179,I,0.126,0.04,0.834
1146,40,M,0.84,0.055,0.105,179,M,0.865,0.055,0.08
1147,40,M,0.769,0.114,0.117,178,M,0.892,0.062,0.046
1148,39,I,0.124,0.132,0.744,180,I,0.067,0.029,0.904
1149,40,M,0.868,0.056,0.076,179,M,0.837,0.065,0.098
1150,39,M,0.872,0.095,0.033,179,M,0.789,0.094,0.117
1151,40,M,0.841,0.039,0.12,179,M,0.811,0.106,0.083
1152,40,S,0.076,0.842,0.082,179,S,0.075,0.863,0.062
1153,40,M,0.851,0.06,0.088,180,M,0.776,0.108,0.116
1154,40,M,0.842,0.097,0.062,181,M,0.892,0.072,0.036
1155,39,M,0.815,0.078,0.107,181,M,0.901,0.058,0.041
1156,40,I,0.109,0.094,0.797,181,I,0.058,0.1,0.842
1157,40,S,0.115,0.853,0.033,182,S,0.076,0.844,0.08
1158,40,M,0.82,0.112,0.068,181,M,0.821,0.103,0.076
1159,40,M,0.837,0.085,0.078,181,M,0.863,0.094,0.042
1160,40,M,0.873,0.097,0.03,181,M,0.798,0.098,0.105
1161,40,M,0.864,0.066,0.07,183,M,0.826,0.086,0.087
1162,40,M,0.802,0.093,0.105,183,M,0.951,0.026,0.023
1163,40,S,0.033,0.922,0.045,183,S,0.103,0.779,0.118
1164,40,M,0.909,0.041,0.05,183,M,0.873,0.025,0.101
1165,40,M,0.901,0.034,0.065,184,M,0.928,0.034,0.038
1166,40,I,0.042,0.129,0.829,185,I,0.084,0.044,0.873
1167,40,M,0.891,0.064,0.045,183,M,0.891,0.05,0.06
1168,40,M,0.857,0.059,0.085,184,M,0.914,0.049,0.038
1169,40,I,0.069,0.044,0.887,184,I,0.024,0.115,0.861
1170,41,M,0.799,0.111,0.09,185,M,0.831,0.094,0.075
1171,40,M,0.839,0.081,0.08,185,M,0.845,0.037,0.118
1172,40,M,0.875,0.036,0.09,186,M,0.907,0.053,0.04
1173,40,M,0.853,0.035,0.112,186,M,0.915,0.032,0.053
1174,40,M,0.935,0.031,0.034,187,M,0.782,0.106,0.111
1175,41,S,0.089,0.85,0.062,186,S,0.103,0.853,0.044
1176,40,S,0.031,0.854,0.116,187,S,0.044,0.853,0.102
1177,40,M,0.943,0.024,0.033,187,M,0.888,0.031,0.081
1178,40,M,0.938,0.034,0.028,187,M,0.776,0.12,0.104
1179,41,S,0.037,0.937,0.026,188,S,0.059,0.847,0.094
1180,41,M,0.795,0.112,0.093,188,M,0.867,0.035,0.099
1181,41,I,0.088,0.081,0.831,188,I,0.088,0.03,0.882
1182,40,M,0.889,0.027,0.084,188,M,0.925,0.05,0.024
1183,41,M,0.819,0.091,0.09,188,M,0.811,0.092,0.096
1184,40,M,0.855,0.077,0.068,188,M,0.84,0.082,0.078
1185,40,M,0.876,0.094,0.03,189,M,0.896,0.035,0.069
1186,41,M,0.861,0.044,0.095,189,M,0.852,0.058,0.091
1187,41,M,0.768,0.111,0.122,190,M,0.906,0.026,0.068
1188,41,M,0.816,0.09,0.093,189,M,0.829,0.102,0.069
1189,40,M,0.817,0.11,0.073,190,M,0.783,0.109,0.108
1190,41,M,0.793,0.106,0.102,190,M,0.859,0.037,0.104
1191,41,S,0.086,0.889,0.026,190,S,0.11,0.863,0.027
1192,41,M,0.863,0.035,0.102,190,M,0.806,0.108,0.086
1193,41,S,0.058,0.856,0.086,191,S,0.098,0.874,0.028
1194,41,M,0.791,0.118,0.091,191,M,0.804,0.108,0.088
1195,41,M,0.871,0.089,0.04,191,M,0.789,0.117,0.094
1196,41,M,0.859,0.079,0.062,192,M,0.873,0.091,0.036
1197,41,M,0.853,0.07,0.077,192,M,0.845,0.078,0.077
1198,41,M,0.824,0.084,0.093,193,M,0.844,0.122,0.034
1199,41,M,0.798,0.093,0.109,192,M,0.921,0.034,0.045
1200,41,S,0.058,0.855,0.087,193,S,0.059,0.841,0.1
1201,41,S,0.092,0.806,0.102,193,S,0.097,0.816,0.087
1202,41,M,0.891,0.082,0.027,193,M,0.915,0.021,0.063
1203,41,S,0.037,0.899,0.064,193,S,0.067,0.881,0.052
1204,41,S,0.072,0.862,0.066,194,S,0.119,0.822,0.059
1205,41,M,0.874,0.028,0.098,195,M,0.85,0.091,0.059
1206,41,M,0.834,0.071,0.094,194,M,0.882,0.054,0.064
1207,41,S,0.07,0.849,0.081,195,S,0.053,0.869,0.078
1208,41,S,0.113,0.804,0.083,195,S,0.071,0.855,0.074
1209,41,I,0.078,0.089,0.833,196,I,0.136,0.114,0.751
1210,41,M,0.86,0.072,0.069,196,M,0.834,0.107,0.059
1211,41,M,0.856,0.102,0.042,196,M,0.838,0.048,0.113
1212,41,M,0.837,0.094,0.069,197,M,0.865,0.102,0.033
1213,42,M,0.86,0.022,0.118,196,M,0.802,0.079,0.119
1214,41,M,0.812,0.074,0.114,197,M,0.809,0.067,0.124
1215,41,M,0.908,0.043,0.048,196,M,0.877,0.057,0.066
1216,42,M,0.851,0.035,0.113,198,M,0.875,0.034,0.091
1217,41,I,0.032,0.113,0.855,197,S,0.068,0.868,0.064
1218,41,S,0.065,0.853,0.082,199,S,0.111,0.812,0.077
1219,41,M,0.812,0.108,0.079,198,M,0.846,0.087,0.067
1220,41,M,0.843,0.091,0.066,198,M,0.838,0.063,0.099
1221,42,M,0.874,0.083,0.043,199,M,0.873,0.021,0.106
1222,42,M,0.845,0.047,0.108,199,M,0.914,0.039,0.047
1223,42,M,0.908,0.062,0.029,199,M,0.809,0.104,0.087
1224,42,M,0.809,0.074,0.117,200,M,0.862,0.077,0.061
1225,42,M,0.873,0.078,0.049,201,M,0.788,0.099,0.113
1226,42,S,0.099,0.832,0.069,200,S,0.105,0.856,0.038
1227,42,M,0.926,0.039,0.035,200,M,0.844,0.027,0.129
1228,42,I,0.104,0.057,0.839,200,I,0.047,0.057,0.895
1229,41,S,0.024,0.895,0.082,201,S,0.121,0.781,0.099
1230,42,M,0.789,0.096,0.114,202,M,0.837,0.045,0.117
1231,42,I,0.095,0.043,0.862,202,I,0.15,0.065,0.785
1232,41,M,0.849,0.054,0.097,202,M,0.834,0.092,0.074
1233,41,I,0.076,0.036,0.889,202,I,0.143,0.064,0.793
1234,42,M,0.845,0.057,0.097,203,M,0.886,0.088,0.026
1235,42,M,0.844,0.06,0.096,203,M,0.849,0.071,0.08
1236,42,S,0.118,0.814,0.068,203,S,0.065,0.844,0.091
1237,42,S,0.035,0.93,0.035,202,S,0.094,0.804,0.102
1238,42,M,0.792,0.093,0.115,204,I,0.126,0.127,0.747
1239,42,M,0.826,0.101,0.073,205,M,0.894,0.029,0.077
1240,42,M,0.908,0.052,0.04,203,M,0.878,0.088,0.034
1241,42,M,0.829,0.112,0.06,205,M,0.846,0.102,0.051
1242,42,M,0.882,0.095,0.023,205,M,0.836,0.057,0.107
1243,42,M,0.875,0.08,0.045,206,M,0.855,0.053,0.092
1244,41,I,0.11,0.114,0.776,204,I,0.068,0.065,0.867
1245,42,M,0.778,0.097,0.124,205,M,0.814,0.11,0.076
1246,42,M,0.917,0.025,0.058,205,M,0.814,0.072,0.114
1247,42,M,0.869,0.044,0.087,206,M,0.828,0.072,0.1
1248,42,M,0.882,0.076,0.042,206,M,0.862,0.086,0.052
1249,42,M,0.837,0.065,0.098,207,M,0.779,0.12,0.101
1250,42,M,0.845,0.031,0.124,206,M,0.829,0.109,0.062
1251,42,M,0.824,0.114,0.062,208,M,0.875,0.082,0.043
1252,42,M,0.85,0.095,0.055,207,M,0.841,0.111,0.047
1253,42,M,0.848,0.062,0.09,207,I,0.075,0.079,0.846
1254,43,S,0.083,0.895,0.023,208,S,0.029,0.861,0.11
1255,42,M,0.805,0.103,0.092,208,M,0.867,0.093,0.04
1256,42,M,0.809,0.081,0.11,209,I,0.098,0.043,0.858
1257,43,M,0.838,0.13,0.032,208,M,0.871,0.091,0.038
1258,43,M,0.926,0.024,0.05,209,M,0.823,0.091,0.086
1259,42,M,0.814,0.105,0.081,209,M,0.833,0.118,0.049
1260,42,M,0.898,0.061,0.041,209,M,0.894,0.025,0.081
1261,42,M,0.81,0.084,0.106,209,M,0.868,0.076,0.056
1262,43,M,0.873,0.06,0.068,211,M,0.9,0.022,0.078
1263,43,M,0.813,0.088,0.099,211,M,0.878,0.089,0.033
1264,42,S,0.111,0.827,0.062,210,S,0.113,0.825,0.063
1265,42,M,0.829,0.126,0.044,211,S,0.088,0.881,0.031
1266,43,M,0.854,0.033,0.113,212,M,0.83,0.109,0.062
1267,42,S,0.042,0.924,0.034,211,S,0.046,0.83,0.124
1268,43,I,0.112,0.084,0.804,213,I,0.047,0.045,0.909
1269,42,M,0.878,0.023,0.099,212,M,0.914,0.039,0.046
1270,43,S,0.116,0.779,0.106,213,S,0.043,0.916,0.041
1271,43,S,0.089,0.888,0.023,213,S,0.035,0.928,0.037
1272,43,M,0.8,0.072,0.128,213,M,0.866,0.06,0.074
1273,43,M,0.869,0.047,0.084,214,M,0.855,0.069,0.076
1274,43,M,0.844,0.113,0.043,213,M,0.842,0.083,0.075
1275,43,M,0.806,0.113,0.081,213,M,0.78,0.116,0.104
1276,43,M,0.795,0.103,0.102,215,M,0.836,0.117,0.047
1277,42,M,0.866,0.1,0.034,215,M,0.796,0.109,0.095
1278,43,S,0.115,0.796,0.089,215,S,0.118,0.813,0.069
1279,43,M,0.85,0.121,0.029,215,M,0.84,0.13,0.03
1280,43,M,0.857,0.097,0.046,214,M,0.858,0.113,0.029
1281,43,M,0.841,0.057,0.102,216,M,0.835,0.11,0.056
1282,43,M,0.82,0.116,0.065,215,M,0.795,0.102,0.103
1283,42,M,0.871,0.053,0.077,217,M,0.855,0.068,0.077
1284,43,M,0.901,0.064,0.035,216,M,0.811,0.092,0.096
1285,43,S,0.124,0.779,0.096,217,S,0.081,0.836,0.083
1286,43,M,0.833,0.072,0.095,217,M,0.828,0.122,0.05
1287,43,M,0.755,0.123,0.123,218,M,0.867,0.031,0.102
1288,43,S,0.096,0.817,0.087,218,S,0.072,0.866,0.062
1289,43,M,0.865,0.061,0.074,219,M,0.85,0.058,0.092
1290,43,S,0.058,0.835,0.107,219,S,0.052,0.868,0.08
1291,43,M,0.864,0.077,0.059,219,M,0.841,0.112,0.047
1292,44,M,0.842,0.038,0.12,218,M,0.859,0.054,0.087
1293,43,M,0.874,0.099,0.027,218,M,0.865,0.094,0.041
1294,43,M,0.773,0.108,0.119,218,M,0.845,0.067,0.088
1295,44,M,0.845,0.04,0.115,219,S,0.064,0.851,0.085
1296,43,I,0.026,0.084,0.89,219,I,0.122,0.051,0.827
1297,43,S,0.038,0.86,0.103,220,S,0.091,0.813,0.096
1298,44,S,0.026,0.936,0.038,220,S,0.044,0.896,0.06
1299,43,M,0.879,0.089,0.032,222,M,0.822,0.084,0.095
1300,44,M,0.847,0.041,0.112,222,M,0.877,0.083,0.04
1301,44,M,0.819,0.098,0.082,222,S,0.035,0.874,0.09
1302,43,M,0.849,0.065,0.086,222,M,0.841,0.111,0.048
1303,43,M,0.85,0.072,0.078,222,M,0.802,0.108,0.09
1304,44,M,0.844,0.054,0.102,222,M,0.814,0.11,0.076
1305,44,M,0.816,0.104,0.08,223,M,0.878,0.047,0.075
1306,43,S,0.097,0.871,0.032,224,S,0.047,0.873,0.08
1307,44,M,0.901,0.068,0.031,222,M,0.817,0.126,0.057
1308,43,M,0.827,0.093,0.08,223,M,0.882,0.082,0.036
1309,44,M,0.874,0.025,0.101,223,M,0.909,0.064,0.027
1310,44,M,0.87,0.054,0.076,223,M,0.927,0.031,0.042
1311,43,M,0.857,0.066,0.077,223,M,0.871,0.031,0.098
1312,43,M,0.933,0.025,0.042,224,M,0.935,0.041,0.024
1313,44,M,0.82,0.081,0.099,224,M,0.861,0.063,0.076
1314,44,M,0.895,0.075,0.031,225,M,0.876,0.035,0.089
1315,43,S,0.07,0.832,0.098,226,S,0.107,0.789,0.103
1316,44,M,0.809,0.109,0.082,225,M,0.909,0.049,0.042
1317,43,M,0.862,0.074,0.064,225,M,0.876,0.102,0.022
1318,44,M,0.85,0.074,0.076,226,M,0.856,0.032,0.112
1319,44,S,0.067,0.853,0.081,227,S,0.095,0.829,0.077
1320,44,M,0.866,0.071,0.064,227,M,0.898,0.077,0.024
1321,43,S,0.051,0.889,0.06,227,S,0.07,0.829,0.101
1322,44,S,0.105,0.798,0.097,227,S,0.049,0.859,0.091
1323,44,M,0.828,0.075,0.096,227,M,0.866,0.083,0.052
1324,44,M,0.911,0.041,0.047,228,M,0.871,0.034,0.095
1325,44,M,0.887,0.058,0.055,228,M,0.796,0.12,0.085
1326,44,M,0.891,0.058,0.052,228,M,0.825,0.061,0.114
1327,44,M,0.909,0.063,0.028,228,M,0.948,0.027,0.025
1328,44,M,0.82,0.107,0.073,228,M,0.843,0.076,0.08
1329,45,S,0.094,0.866,0.04,230,S,0.061,0.911,0.028
1330,44,S,0.128,0.846,0.026,229,S,0.061,0.884,0.055
1331,44,M,0.832,0.085,0.083,230,M,0.9,0.023,0.077
1332,45,M,0.851,0.115,0.035,230,M,0.85,0.084,0.067
1333,44,M,0.817,0.078,0.105,230,M,0.888,0.036,0.076
1334,44,S,0.093,0.874,0.032,231,S,0.098,0.862,0.04
1335,44,S,0.05,0.921,0.029,232,S,0.084,0.853,0.063
1336,44,M,0.84,0.051,0.108,232,M,0.927,0.043,0.029
1337,45,M,0.844,0.046,0.11,232,M,0.864,0.072,0.064
1338,45,M,0.855,0.097,0.048,233,M,0.82,0.094,0.086
1339,44,M,0.815,0.09,0.095,233,M,0.864,0.032,0.104
1340,45,M,0.85,0.114,0.036,234,M,0.816,0.062,0.123
1341,44,M,0.806,0.087,0.106,233,M,0.892,0.054,0.054
1342,44,M,0.789,0.081,0.13,234,M,0.817,0.112,0.071
1343,45,I,0.098,0.11,0.792,233,I,0.07,0.1,0.829
1344,44,M,0.854,0.079,0.067,234,M,0.884,0.075,0.042
1345,44,M,0.842,0.077,0.082,234,M,0.863,0.041,0.096
1346,45,S,0.103,0.794,0.103,234,S,0.089,0.887,0.024
1347,45,M,0.86,0.031,0.109,234,M,0.884,0.068,0.048
1348,44,M,0.88,0.068,0.052,235,M,0.908,0.053,0.038
1349,45,M,0.873,0.036,0.092,234,M,0.895,0.044,0.061
1350,45,M,0.819,0.095,0.086,237,M,0.815,0.085,0.1
1351,44,M,0.879,0.029,0.092,236,M,0.84,0.099,0.061
1352,45,M,0.828,0.049,0.123,236,M,0.924,0.039,0.037
1353,44,M,0.895,0.065,0.04,236,M,0.871,0.069,0.06
1354,44,M,0.802,0.11,0.088,237,M,0.907,0.027,0.066
1355,45,M,0.842,0.057,0.101,238,M,0.814,0.122,0.064
1356,45,M,0.854,0.034,0.112,238,M,0.932,0.044,0.024
1357,44,M,0.783,0.109,0.107,237,S,0.105,0.866,0.029
1358,45,M,0.836,0.076,0.089,239,S,0.05,0.923,0.027
1359,45,M,0.886,0.066,0.048,238,M,0.864,0.089,0.047
1360,45,M,0.799,0.09,0.112,238,M,0.818,0.069,0.113
1361,45,M,0.818,0.094,0.088,240,M,0.886,0.038,0.076
1362,45,M,0.837,0.064,0.099,239,M,0.797,0.098,0.105
1363,45,M,0.859,0.112,0.03,240,M,0.8,0.093,0.107
1364,45,M,0.901,0.058,0.041,240,M,0.9,0.028,0.072
1365,45,S,0.09,0.822,0.088,241,S,0.079,0.811,0.11
1366,45,M,0.863,0.07,0.066,241,M,0.841,0.033,0.126
1367,45,M,0.807,0.082,0.111,241,M,0.885,0.059,0.056
1368,45,S,0.055,0.859,0.086,241,S,0.111,0.835,0.054
1369,45,M,0.85,0.083,0.066,242,M,0.862,0.078,0.06
1370,45,M,0.836,0.098,0.066,242,M,0.841,0.073,0.086
1371,45,M,0.886,0.037,0.077,242,M,0.822,0.121,0.057
1372,45,M,0.921,0.055,0.024,243,M,0.843,0.086,0.071
1373,46,M,0.846,0.058,0.095,242,M,0.871,0.044,0.085
1374,45,S,0.088,0.843,0.069,244,S,0.078,0.838,0.084
1375,46,M,0.814,0.118,0.068,244,M,0.945,0.025,0.03
1376,45,I,0.049,0.134,0.817,244,I,0.035,0.055,0.91
1377,46,S,0.093,0.8,0.107,244,S,0.07,0.826,0.104
1378,45,M,0.902,0.048,0.05,244,M,0.801,0.082,0.117
1379,45,S,0.038,0.901,0.061,244,S,0.036,0.904,0.06
1380,46,M,0.932,0.022,0.046,244,M,0.835,0.055,0.11
1381,45,M,0.874,0.05,0.076,246,M,0.813,0.109,0.078
1382,45,M,0.807,0.089,0.105,245,M,0.905,0.055,0.04
1383,45,M,0.808,0.12,0.071,246,M,0.823,0.084,0.093
1384,45,M,0.838,0.043,0.12,246,M,0.928,0.035,0.037
1385,45,M,0.854,0.087,0.059,247,M,0.869,0.076,0.055
1386,45,M,0.873,0.095,0.032,246,M,0.891,0.058,0.052
1387,46,M,0.862,0.087,0.05,246,M,0.868,0.029,0.102
1388,45,M,0.888,0.074,0.038,248,M,0.826,0.103,0.071
1389,45,M,0.869,0.073,0.057,248,M,0.795,0.112,0.093
1390,46,M,0.882,0.068,0.05,248,M,0.831,0.1,0.069
1391,45,S,0.039,0.907,0.053,249,S,0.108,0.772,0.12
1392,46,M,0.879,0.068,0.053,249,M,0.8,0.108,0.092
1393,45,M,0.855,0.086,0.06,248,M,0.853,0.069,0.079
1394,46,M,0.838,0.06,0.102,249,M,0.808,0.086,0.106
1395,46,M,0.856,0.068,0.076,249,M,0.868,0.099,0.033
1396,46,S,0.082,0.865,0.052,249,I,0.039,0.061,0.9
1397,46,M,0.889,0.027,0.084,249,M,0.827,0.075,0.099
1398,46,M,0.868,0.11,0.022,251,M,0.794,0.104,0.102
1399,46,S,0.036,0.847,0.117,251,S,0.045,0.924,0.031
1400,46,M,0.868,0.09,0.041,251,M,0.855,0.108,0.037
1401,46,I,0.096,0.058,0.845,250,I,0.03,0.032,0.939
1402,46,M,0.84,0.057,0.104,252,M,0.856,0.054,0.09
1403,46,S,0.08,0.834,0.086,252,S,0.046,0.86,0.094
1404,46,M,0.905,0.033,0.062,253,S,0.064,0.852,0.085
1405,46,S,0.029,0.887,0.084,252,I,0.081,0.078,0.841
1406,46,S,0.058,0.875,0.067,253,S,0.034,0.889,0.077
1407,46,S,0.076,0.808,0.116,254,S,0.053,0.813,0.134
1408,46,S,0.063,0.821,0.116,253,S,0.033,0.87,0.096
1409,46,M,0.828,0.106,0.066,254,I,0.098,0.116,0.787
1410,47,M,0.822,0.11,0.068,255,M,0.853,0.093,0.054
1411,46,M,0.904,0.04,0.057,255,M,0.855,0.066,0.079
1412,46,I,0.03,0.065,0.904,254,I,0.089,0.033,0.878
1413,46,M,0.894,0.08,0.025,255,M,0.954,0.023,0.023
1414,47,I,0.047,0.048,0.906,255,I,0.034,0.066,0.9
1415,47,M,0.86,0.025,0.115,256,M,0.83,0.085,0.085
1416,46,M,0.878,0.093,0.029,256,M,0.865,0.035,0.099
1417,46,M,0.804,0.087,0.109,256,M,0.901,0.051,0.048
1418,46,M,0.862,0.093,0.046,256,M,0.852,0.119,0.029
1419,46,M,0.831,0.068,0.101,257,M,0.933,0.04,0.027
1420,47,M,0.783,0.129,0.087,257,M,0.874,0.098,0.028
1421,46,M,0.851,0.035,0.115,257,M,0.924,0.041,0.035
1422,46,S,0.043,0.844,0.113,257,S,0.105,0.806,0.089
1423,47,M,0.871,0.073,0.056,257,S,0.128,0.825,0.046
1424,47,M,0.924,0.036,0.04,259,M,0.86,0.028,0.112
1425,47,S,0.12,0.813,0.066,258,S,0.094,0.818,0.088
1426,46,M,0.813,0.074,0.114,258,M,0.85,0.057,0.093
1427,46,M,0.82,0.107,0.074,259,M,0.84,0.059,0.101
1428,47,M,0.811,0.115,0.074,260,M,0.893,0.074,0.033
1429,47,M,0.886,0.083,0.031,260,M,0.843,0.072,0.085
1430,46,M,0.809,0.093,0.099,260,M,0.813,0.109,0.077
1431,47,M,0.796,0.127,0.077,262,M,0.863,0.08,0.057
1432,46,S,0.092,0.798,0.11,262,S,0.062,0.825,0.113
1433,46,M,0.85,0.068,0.082,261,M,0.828,0.073,0.099
1434,46,M,0.829,0.091,0.079,261,M,0.823,0.067,0.11
1435,47,M,0.864,0.024,0.112,262,M,0.868,0.104,0.028
1436,47,S,0.109,0.778,0.114,262,S,0.105,0.857,0.038
1437,47,M,0.836,0.08,0.084,263,M,0.885,0.035,0.08
1438,46,M,0.847,0.045,0.108,262,M,0.87,0.069,0.061
1439,47,S,0.027,0.937,0.036,263,S,0.093,0.816,0.091
1440,46,M,0.928,0.051,0.021,263,M,0.918,0.024,0.057
1441,47,M,0.908,0.04,0.052,264,M,0.843,0.133,0.024
1442,46,M,0.803,0.086,0.111,263,M,0.804,0.134,0.062
1443,47,M,0.869,0.057,0.074,265,M,0.901,0.056,0.043
1444,46,S,0.126,0.812,0.062,265,S,0.092,0.83,0.078
1445,47,I,0.152,0.059,0.789,265,I,0.109,0.086,0.805
1446,47,M,0.915,0.061,0.024,265,M,0.873,0.085,0.042
1447,47,M,0.901,0.062,0.037,265,M,0.861,0.103,0.035
1448,47,M,0.791,0.105,0.104,266,M,0.824,0.122,0.055
1449,47,M,0.853,0.081,0.066,267,M,0.827,0.083,0.09
1450,47,M,0.836,0.129,0.036,267,M,0.927,0.045,0.028
1451,47,S,0.083,0.838,0.079,267,S,0.043,0.839,0.118
1452,47,M,0.822,0.101,0.077,268,M,0.834,0.087,0.079
1453,47,M,0.803,0.101,0.096,267,M,0.845,0.05,0.105
1454,48,M,0.922,0.04,0.038,268,M,0.866,0.086,0.048
1455,47,M,0.905,0.074,0.021,269,M,0.877,0.03,0.093
1456,47,M,0.831,0.065,0.104,269,M,0.933,0.031,0.036
1457,48,M,0.866,0.03,0.104,268,M,0.88,0.025,0.095
1458,47,M,0.882,0.031,0.087,270,M,0.821,0.099,0.079
1459,47,M,0.879,0.044,0.076,269,M,0.816,0.11,0.074
1460,48,M,0.849,0.087,0.064,270,M,0.866,0.027,0.107
1461,47,S,0.085,0.866,0.049,271,S,0.039,0.897,0.065
1462,47,M,0.837,0.09,0.073,270,M,0.84,0.134,0.026
1463,47,M,0.846,0.121,0.033,271,M,0.842,0.063,0.094
1464,47,M,0.878,0.094,0.028,271,M,0.819,0.072,0.109
1465,48,M,0.786,0.111,0.103,272,M,0.833,0.122,0.045
1466,48,M,0.811,0.101,0.087,273,M,0.804,0.113,0.083
1467,48,M,0.827,0.077,0.097,272,M,0.909,0.05,0.041
1468,47,M,0.86,0.094,0.046,272,M,0.844,0.111,0.045
1469,47,S,0.036,0.863,0.101,272,S,0.107,0.824,0.068
1470,47,M,0.81,0.077,0.112,273,M,0.812,0.109,0.079
1471,47,M,0.879,0.051,0.07,273,M,0.851,0.06,0.089
1472,48,S,0.066,0.892,0.042,273,S,0.065,0.836,0.099
1473,48,M,0.826,0.053,0.121,275,M,0.818,0.125,0.057
1474,47,M,0.911,0.04,0.049,275,M,0.893,0.068,0.039
1475,48,M,0.838,0.096,0.065,275,M,0.851,0.031,0.119
1476,48,S,0.081,0.846,0.073,275,S,0.104,0.836,0.061
1477,47,M,0.871,0.062,0.067,275,M,0.826,0.092,0.082
1478,48,M,0.86,0.077,0.063,275,M,0.859,0.052,0.089
1479,48,M,0.906,0.057,0.037,275,M,0.851,0.106,0.044
1480,48,I,0.121,0.05,0.829,277,I,0.11,0.089,0.801
1481,48,S,0.067,0.88,0.053,276,M,0.912,0.035,0.053
1482,48,I,0.054,0.14,0.805,276,M,0.821,0.062,0.117
1483,48,M,0.897,0.027,0.077,276,M,0.812,0.1,0.088
1484,48,S,0.025,0.882,0.093,277,S,0.071,0.876,0.053
1485,48,M,0.871,0.048,0.081,278,M,0.914,0.024,0.062
1486,48,M,0.884,0.032,0.084,277,M,0.893,0.069,0.038
1487,48,M,0.851,0.026,0.123,279,M,0.891,0.037,0.072
1488,48,S,0.116,0.838,0.046,278,S,0.081,0.824,0.095
1489,48,M,0.938,0.03,0.033,279,S,0.085,0.807,0.108
1490,48,M,0.878,0.048,0.074,279,M,0.924,0.039,0.037
1491,48,M,0.785,0.113,0.103,279,M,0.842,0.035,0.123
1492,48,S,0.071,0.851,0.077,280,S,0.047,0.842,0.111
1493,48,M,0.895,0.024,0.081,281,M,0.922,0.044,0.034
1494,48,M,0.829,0.06,0.112,280,M,0.836,0.129,0.036
1495,48,S,0.039,0.897,0.064,280,S,0.1,0.828,0.072
1496,48,M,0.87,0.05,0.079,282,M,0.774,0.117,0.108
1497,48,S,0.11,0.781,0.109,282,S,0.072,0.903,0.025
1498,48,M,0.92,0.044,0.037,282,M,0.906,0.067,0.026
1499,48,M,0.86,0.027,0.113,283,M,0.863,0.088,0.048
1500,48,M,0.863,0.091,0.046,283,M,0.794,0.11,0.096
1501,49,M,0.868,0.057,0.075,284,M,0.837,0.089,0.074
1502,48,M,0.864,0.059,0.077,282,M,0.809,0.088,0.103
1503,48,M,0.831,0.097,0.072,283,M,0.85,0.1,0.05
1504,49,I,0.094,0.058,0.848,284,I,0.065,0.083,0.852
1505,48,M,0.84,0.041,0.12,283,M,0.843,0.069,0.089
1506,48,M,0.845,0.076,0.078,284,M,0.857,0.085,0.059
1507,48,M,0.778,0.105,0.117,284,M,0.864,0.028,0.108
1508,48,M,0.895,0.062,0.044,285,M,0.861,0.06,0.08
1509,49,M,0.894,0.079,0.027,285,I,0.064,0.12,0.816
1510,48,M,0.909,0.066,0.026,287,M,0.885,0.045,0.07
1511,48,M,0.881,0.032,0.087,285,M,0.785,0.094,0.12
1512,49,S,0.036,0.89,0.074,287,S,0.083,0.862,0.054
1513,49,M,0.876,0.096,0.028,287,M,0.906,0.032,0.062
1514,49,M,0.866,0.106,0.028,287,M,0.871,0.075,0.054
1515,49,S,0.044,0.871,0.085,287,S,0.106,0.833,0.061
1516,49,M,0.881,0.075,0.045,288,M,0.949,0.028,0.023
1517,49,S,0.031,0.922,0.047,288,M,0.871,0.105,0.024
1518,49,M,0.892,0.073,0.035,288,M,0.826,0.123,0.051
1519,48,M,0.883,0.055,0.062,289,M,0.858,0.033,0.109
1520,49,M,0.864,0.06,0.075,290,M,0.907,0.027,0.067
1521,48,M,0.796,0.118,0.086,290,M,0.838,0.06,0.102
1522,49,M,0.922,0.052,0.026,289,M,0.848,0.044,0.109
1523,49,M,0.793,0.101,0.106,291,M,0.816,0.084,0.1
1524,49,M,0.89,0.03,0.081,290,M,0.847,0.051,0.102
1525,49,S,0.093,0.809,0.098,292,S,0.099,0.86,0.04
1526,49,M,0.822,0.07,0.108,291,M,0.917,0.05,0.034
1527,49,M,0.831,0.098,0.072,292,I,0.11,0.096,0.794
1528,49,I,0.051,0.034,0.916,291,I,0.089,0.123,0.788
1529,49,M,0.779,0.094,0.127,292,M,0.844,0.109,0.047
1530,49,I,0.086,0.031,0.883,291,I,0.104,0.13,0.766
1531,49,M,0.855,0.047,0.098,293,M,0.822,0.093,0.085
1532,49,M,0.791,0.088,0.121,294,M,0.852,0.033,0.115
1533,49,M,0.81,0.087,0.103,294,M,0.857,0.082,0.061
1534,49,I,0.069,0.09,0.841,293,I,0.094,0.026,0.879
1535,49,M,0.84,0.041,0.118,294,M,0.808,0.083,0.109
1536,49,M,0.81,0.096,0.094,294,I,0.076,0.025,0.9
1537,49,M,0.942,0.028,0.03,296,M,0.848,0.085,0.067
1538,49,M,0.845,0.046,0.109,296,M,0.854,0.089,0.057
1539,50,M,0.815,0.093,0.092,295,M,0.856,0.07,0.074
1540,49,M,0.886,0.048,0.067,297,M,0.886,0.028,0.086
1541,49,M,0.872,0.101,0.027,295,M,0.844,0.074,0.083
1542,49,S,0.101,0.792,0.106,296,S,0.038,0.862,0.1
1543,49,M,0.89,0.038,0.072,297,M,0.832,0.083,0.085
1544,49,M,0.793,0.114,0.093,296,M,0.84,0.12,0.04
1545,49,M,0.779,0.112,0.11,298,M,0.898,0.043,0.06
1546,49,M,0.796,0.105,0.099,299,M,0.862,0.073,0.065
1547,49,S,0.111,0.852,0.036,298,S,0.042,0.839,0.119
1548,50,M,0.863,0.095,0.042,298,M,0.942,0.025,0.033
1549,50,S,0.091,0.814,0.095,299,S,0.083,0.814,0.103
1550,50,M,0.872,0.038,0.09,299,M,0.844,0.081,0.075
1551,50,M,0.891,0.022,0.087,299,M,0.883,0.073,0.044
1552,49,S,0.085,0.802,0.114,301,S,0.103,0.789,0.109
1553,50,S,0.114,0.794,0.091,301,S,0.127,0.805,0.068
1554,50,M,0.84,0.112,0.047,301,M,0.833,0.11,0.056
1555,50,M,0.907,0.069,0.024,300,M,0.89,0.083,0.027
1556,49,M,0.815,0.086,0.099,301,M,0.824,0.095,0.081
1557,49,M,0.829,0.056,0.115,301,M,0.808,0.112,0.079
1558,50,M,0.863,0.023,0.114,302,M,0.866,0.104,0.03
1559,49,M,0.874,0.042,0.084,303,M,0.801,0.066,0.133
1560,50,M,0.798,0.097,0.105,303,M,0.857,0.048,0.095
1561,50,S,0.08,0.894,0.025,302,S,0.1,0.851,0.05
1562,49,M,0.836,0.045,0.119,303,M,0.846,0.058,0.096
1563,50,S,0.126,0.775,0.098,303,S,0.075,0.885,0.041
1564,50,S,0.044,0.909,0.047,303,S,0.034,0.926,0.04
1565,50,I,0.081,0.083,0.836,305,I,0.127,0.026,0.847
1566,50,M,0.826,0.12,0.053,305,M,0.812,0.083,0.105
1567,50,M,0.852,0.103,0.045,304,M,0.892,0.085,0.023
1568,50,M,0.851,0.084,0.065,305,M,0.879,0.05,0.071
1569,50,M,0.86,0.032,0.108,306,M,0.825,0.1,0.075
1570,50,I,0.074,0.055,0.871,306,I,0.141,0.071,0.788
1571,50,M,0.88,0.073,0.047,307,M,0.835,0.057,0.109
1572,50,M,0.823,0.088,0.089,306,M,0.813,0.095,0.091
1573,50,M,0.924,0.039,0.038,306,M,0.81,0.091,0.099
1574,50,M,0.879,0.048,0.073,307,M,0.903,0.064,0.034
1575,50,S,0.054,0.813,0.132,308,S,0.05,0.867,0.083
1576,51,M,0.861,0.078,0.061,307,M,0.832,0.053,0.114
1577,50,M,0.846,0.077,0.077,309,M,0.85,0.023,0.127
1578,50,M,0.847,0.115,0.038,309,M,0.933,0.023,0.043
1579,50,M,0.845,0.065,0.09,309,M,0.888,0.079,0.033
1580,50,M,0.89,0.05,0.059,309,M,0.803,0.086,0.111
1581,50,I,0.06,0.076,0.864,309,I,0.105,0.124,0.772
1582,50,M,0.801,0.118,0.082,310,M,0.868,0.084,0.048
1583,50,M,0.851,0.047,0.101,310,M,0.817,0.102,0.081
1584,50,M,0.912,0.047,0.041,311,M,0.853,0.08,0.068
1585,50,S,0.089,0.859,0.052,311,S,0.063,0.815,0.122
1586,51,M,0.858,0.097,0.045,312,M,0.925,0.038,0.037
1587,50,M,0.816,0.107,0.077,311,M,0.858,0.052,0.09
1588,50,M,0.885,0.061,0.054,313,M,0.847,0.029,0.125
1589,50,M,0.834,0.101,0.065,312,M,0.871,0.089,0.039
1590,51,M,0.828,0.112,0.06,313,M,0.914,0.024,0.062
1591,51,M,0.833,0.109,0.058,312,M,0.851,0.112,0.038
1592,51,M,0.867,0.047,0.087,312,M,0.825,0.101,0.074
1593,50,M,0.861,0.097,0.042,313,M,0.829,0.078,0.093
1594,51,M,0.819,0.088,0.093,315,M,0.876,0.043,0.081
1595,51,M,0.795,0.125,0.079,315,M,0.77,0.119,0.111
1596,50,M,0.912,0.053,0.035,315,M,0.875,0.055,0.07
1597,50,M,0.879,0.033,0.088,315,M,0.916,0.058,0.026
1598,51,M,0.828,0.068,0.104,315,M,0.773,0.108,0.119
1599,51,M,0.798,0.08,0.122,316,M,0.808,0.096,0.096
1600,51,M,0.842,0.118,0.04,317,M,0.888,0.06,0.053
1601,51,S,0.074,0.841,0.085,316,S,0.107,0.8,0.094
1602,50,M,0.828,0.084,0.088,317,M,0.907,0.069,0.024
1603,51,M,0.771,0.114,0.116,317,S,0.108,0.814,0.078
1604,51,S,0.076,0.821,0.103,317,S,0.078,0.827,0.095
1605,51,M,0.851,0.048,0.101,317,M,0.912,0.052,0.036
1606,51,M,0.802,0.097,0.101,318,M,0.801,0.131,0.069
1607,51,S,0.047,0.887,0.067,319,S,0.088,0.887,0.025
1608,51,M,0.81,0.085,0.104,319,M,0.798,0.102,0.1
1609,51,M,0.832,0.089,0.08,320,M,0.875,0.068,0.057
1610,51,M,0.89,0.053,0.057,319,M,0.781,0.113,0.106
1611,51,M,0.856,0.116,0.028,320,M,0.817,0.106,0.077
1612,51,M,0.87,0.031,0.099,320,M,0.855,0.076,0.069
1613,51,M,0.8,0.121,0.079,320,M,0.841,0.07,0.089
1614,51,M,0.861,0.042,0.098,321,M,0.831,0.068,0.101
1615,51,M,0.898,0.072,0.03,322,M,0.915,0.021,0.064
1616,51,M,0.862,0.107,0.031,322,I,0.039,0.109,0.852
1617,51,M,0.835,0.119,0.046,322,M,0.876,0.091,0.034
1618,52,M,0.872,0.024,0.104,321,M,0.801,0.097,0.102
1619,51,M,0.894,0.057,0.05,322,M,0.871,0.074,0.055
1620,51,M,0.873,0.046,0.081,324,M,0.896,0.076,0.028
1621,51,M,0.844,0.076,0.08,324,M,0.924,0.029,0.047
1622,51,M,0.806,0.095,0.099,323,M,0.836,0.091,0.073
1623,51,M,0.813,0.108,0.079,325,M,0.852,0.082,0.066
1624,51,S,0.049,0.858,0.093,325,S,0.075,0.882,0.042
1625,51,M,0.891,0.05,0.059,325,M,0.858,0.076,0.066
1626,52,M,0.844,0.064,0.093,324,M,0.788,0.094,0.118
1627,51,M,0.84,0.086,0.074,326,M,0.836,0.093,0.071
1628,51,M,0.868,0.026,0.106,325,M,0.827,0.084,0.089
1629,52,M,0.813,0.09,0.097,327,M,0.82,0.098,0.082
1630,52,S,0.057,0.89,0.053,327,S,0.05,0.881,0.069
1631,51,M,0.912,0.023,0.065,327,M,0.83,0.07,0.099
1632,51,M,0.808,0.108,0.084,326,M,0.82,0.068,0.112
1633,51,M,0.909,0.053,0.038,326,M,0.893,0.05,0.057
1634,51,M,0.836,0.056,0.109,328,M,0.805,0.095,0.1
1635,51,M,0.872,0.033,0.096,329,M,0.832,0.132,0.037
1636,51,M,0.848,0.072,0.081,327,M,0.855,0.034,0.111
1637,51,M,0.799,0.094,0.107,329,M,0.867,0.033,0.1
1638,52,I,0.037,0.123,0.84,329,I,0.112,0.091,0.797
1639,52,M,0.868,0.064,0.068,329,M,0.901,0.039,0.059
1640,51,M,0.862,0.094,0.044,329,M,0.853,0.027,0.12
1641,52,S,0.034,0.874,0.093,330,S,0.093,0.84,0.067
1642,51,M,0.816,0.063,0.121,330,M,0.854,0.111,0.034
1643,52,M,0.83,0.111,0.059,330,M,0.866,0.092,0.042
1644,52,M,0.808,0.099,0.093,331,M,0.784,0.12,0.096
1645,51,M,0.896,0.067,0.038,332,S,0.076,0.873,0.051
1646,52,S,0.03,0.918,0.052,331,S,0.037,0.914,0.049
1647,52,M,0.856,0.055,0.089,332,M,0.845,0.09,0.066
1648,51,M,0.872,0.078,0.051,333,M,0.819,0.057,0.124
1649,52,M,0.828,0.086,0.086,333,M,0.855,0.066,0.079
1650,52,M,0.799,0.102,0.098,334,M,0.874,0.099,0.027
1651,52,M,0.811,0.122,0.067,334,M,0.758,0.123,0.119
1652,52,M,0.894,0.029,0.077,335,M,0.854,0.048,0.099
1653,52,I,0.124,0.045,0.83,335,I,0.025,0.127,0.848
1654,52,M,0.809,0.098,0.093,335,M,0.843,0.106,0.051
1655,52,M,0.771,0.124,0.105,334,M,0.84,0.049,0.111
1656,52,M,0.83,0.096,0.074,335,M,0.849,0.08,0.071
1657,52,M,0.829,0.065,0.106,336,M,0.827,0.083,0.09
1658,52,I,0.1,0.135,0.766,337,I,0.116,0.087,0.797
1659,53,S,0.064,0.888,0.048,337,S,0.057,0.838,0.105
1660,52,S,0.045,0.873,0.081,338,S,0.107,0.813,0.079
1661,52,M,0.813,0.118,0.069,337,M,0.91,0.059,0.031
1662,53,M,0.825,0.051,0.124,338,M,0.862,0.072,0.065
1663,52,M,0.837,0.083,0.08,338,M,0.85,0.117,0.033
1664,53,M,0.87,0.049,0.082,339,M,0.822,0.107,0.071
1665,52,M,0.757,0.125,0.119,338,M,0.875,0.069,0.056
1666,52,I,0.061,0.12,0.819,338,I,0.056,0.041,0.903
1667,52,I,0.109,0.086,0.805,340,I,0.094,0.12,0.787
1668,52,M,0.899,0.039,0.063,340,M,0.881,0.086,0.032
1669,53,M,0.839,0.027,0.134,339,M,0.867,0.108,0.025
1670,53,M,0.894,0.051,0.056,341,M,0.814,0.085,0.101
1671,52,M,0.858,0.107,0.035,341,M,0.831,0.075,0.094
1672,53,M,0.838,0.078,0.084,342,I,0.035,0.072,0.893
1673,53,I,0.085,0.027,0.888,341,I,0.088,0.049,0.864
1674,53,M,0.902,0.033,0.065,341,M,0.794,0.075,0.131
1675,53,S,0.109,0.792,0.1,343,S,0.074,0.891,0.036
1676,53,M,0.844,0.038,0.118,342,M,0.915,0.052,0.034
1677,53,I,0.122,0.045,0.833,343,I,0.076,0.077,0.847
1678,52,S,0.035,0.928,0.037,343,S,0.057,0.902,0.041
1679,53,S,0.084,0.824,0.091,343,S,0.071,0.864,0.064
1680,52,M,0.873,0.057,0.07,344,M,0.856,0.068,0.076
1681,52,S,0.093,0.857,0.051,344,S,0.058,0.858,0.084
1682,53,M,0.775,0.114,0.111,344,M,0.924,0.034,0.042
1683,53,M,0.884,0.088,0.029,345,M,0.822,0.056,0.122
1684,53,M,0.846,0.118,0.036,345,M,0.819,0.12,0.062
1685,52,M,0.871,0.044,0.085,345,M,0.846,0.113,0.041
1686,53,M,0.811,0.112,0.076,345,M,0.88,0.093,0.027
1687,52,S,0.055,0.857,0.087,347,S,0.054,0.842,0.104
1688,53,M,0.869,0.11,0.02,348,M,0.796,0.087,0.117
1689,53,M,0.947,0.023,0.029,348,M,0.851,0.047,0.102
1690,53,M,0.833,0.119,0.049,347,M,0.839,0.066,0.095
1691,53,M,0.903,0.043,0.055,347,M,0.888,0.09,0.022
1692,53,M,0.803,0.099,0.098,348,M,0.858,0.046,0.096
1693,52,I,0.094,0.06,0.845,349,I,0.054,0.087,0.859
1694,53,M,0.819,0.094,0.087,349,M,0.91,0.029,0.061
1695,53,I,0.068,0.085,0.847,350,I,0.105,0.033,0.862
1696,53,M,0.84,0.079,0.081,349,M,0.844,0.053,0.103
1697,53,M,0.838,0.121,0.041,350,M,0.943,0.026,0.031
1698,53,S,0.073,0.88,0.048,351,S,0.11,0.79,0.101
1699,53,M,0.918,0.045,0.037,350,M,0.895,0.059,0.046
1700,53,M,0.809,0.107,0.084,351,M,0.823,0.093,0.084
1701,53,M,0.864,0.061,0.075,351,M,0.88,0.067,0.053
1702,53,M,0.833,0.131,0.036,352,S,0.036,0.891,0.073
1703,53,M,0.898,0.051,0.051,352,M,0.867,0.098,0.035
1704,53,M,0.901,0.041,0.058,352,M,0.879,0.093,0.027
1705,53,M,0.852,0.049,0.099,353,M,0.92,0.035,0.045
1706,53,M,0.883,0.061,0.056,353,M,0.797,0.084,0.118
1707,53,M,0.841,0.1,0.059,354,S,0.096,0.797,0.107
1708,53,M,0.885,0.026,0.089,354,M,0.912,0.039,0.049
1709,53,M,0.862,0.074,0.063,355,M,0.851,0.072,0.077
1710,53,M,0.865,0.051,0.084,354,M,0.855,0.097,0.047
1711,54,M,0.914,0.038,0.048,355,M,0.892,0.049,0.058
1712,53,M,0.872,0.096,0.032,355,M,0.845,0.092,0.064
1713,54,M,0.876,0.098,0.026,355,M,0.831,0.102,0.067
1714,53,M,0.821,0.053,0.126,357,M,0.829,0.048,0.123
1715,53,M,0.83,0.081,0.089,357,M,0.838,0.109,0.053
1716,53,M,0.862,0.082,0.056,356,I,0.077,0.045,0.879
1717,53,S,0.111,0.801,0.088,356,S,0.085,0.819,0.096
1718,53,M,0.931,0.026,0.044,357,M,0.82,0.065,0.116
1719,54,M,0.799,0.084,0.116,358,M,0.815,0.083,0.103
1720,53,M,0.803,0.094,0.103,358,M,0.876,0.039,0.085
1721,54,M,0.827,0.072,0.101,360,M,0.876,0.073,0.051
1722,54,M,0.77,0.118,0.112,360,M,0.862,0.026,0.112
1723,54,M,0.823,0.045,0.132,360,M,0.859,0.085,0.056
1724,54,M,0.91,0.037,0.053,361,M,0.818,0.095,0.087
1725,54,M,0.8,0.085,0.115,361,M,0.894,0.047,0.058
1726,54,M,0.819,0.125,0.056,361,M,0.813,0.102,0.085
1727,54,I,0.104,0.102,0.794,361,I,0.036,0.036,0.928
1728,54,M,0.862,0.089,0.049,361,M,0.854,0.079,0.066
1729,53,M,0.854,0.034,0.112,362,M,0.833,0.034,0.133
1730,54,M,0.871,0.088,0.042,363,M,0.884,0.035,0.081
1731,54,M,0.881,0.061,0.058,362,M,0.854,0.103,0.043
1732,54,S,0.054,0.914,0.032,363,S,0.06,0.855,0.085
1733,54,M,0.884,0.044,0.073,364,M,0.83,0.1,0.07
1734,54,S,0.112,0.775,0.113,363,S,0.037,0.921,0.042
1735,54,S,0.043,0.873,0.085,364,S,0.098,0.867,0.035
1736,54,M,0.815,0.112,0.074,364,M,0.795,0.104,0.1
1737,54,I,0.112,0.115,0.774,364,I,0.082,0.04,0.878
1738,54,M,0.94,0.031,0.03,366,M,0.905,0.052,0.043
1739,54,M,0.778,0.093,0.128,366,M,0.794,0.114,0.092
1740,54,M,0.881,0.057,0.062,366,M,0.888,0.026,0.086
1741,54,S,0.062,0.826,0.112,365,S,0.038,0.864,0.099
1742,54,M,0.837,0.046,0.118,367,M,0.889,0.06,0.052
1743,54,I,0.032,0.13,0.838,367,I,0.034,0.084,0.882
1744,54,M,0.872,0.052,0.076,367,M,0.804,0.082,0.114
1745,54,M,0.882,0.052,0.065,367,M,0.828,0.057,0.115
1746,55,S,0.037,0.933,0.03,369,S,0.074,0.835,0.091
1747,54,S,0.106,0.778,0.116,368,S,0.034,0.862,0.104
1748,55,M,0.798,0.099,0.103,369,M,0.851,0.087,0.062
1749,54,M,0.783,0.095,0.122,370,M,0.866,0.09,0.044
1750,55,S,0.031,0.873,0.096,370,S,0.066,0.913,0.021
1751,55,M,0.851,0.121,0.028,370,M,0.799,0.108,0.093
1752,55,M,0.874,0.053,0.074,369,M,0.855,0.027,0.118
1753,55,M,0.834,0.073,0.093,371,M,0.813,0.09,0.097
1754,55,S,0.099,0.794,0.107,370,I,0.133,0.094,0.773
1755,54,M,0.872,0.067,0.061,371,M,0.872,0.097,0.031
1756,54,M,0.848,0.082,0.071,372,M,0.882,0.044,0.075
1757,55,M,0.866,0.07,0.064,371,M,0.872,0.064,0.065
1758,55,M,0.811,0.131,0.058,372,M,0.81,0.08,0.11
1759,55,M,0.901,0.038,0.061,373,M,0.827,0.06,0.112
1760,55,M,0.944,0.026,0.031,372,M,0.901,0.033,0.066
1761,55,M,0.799,0.082,0.119,373,M,0.82,0.104,0.076
1762,55,M,0.874,0.104,0.022,374,M,0.831,0.082,0.087
1763,55,S,0.053,0.905,0.042,375,I,0.038,0.109,0.853
1764,54,M,0.883,0.024,0.093,374,M,0.901,0.047,0.052
1765,55,M,0.815,0.108,0.077,375,M,0.815,0.094,0.091
1766,55,M,0.785,0.119,0.097,375,M,0.834,0.098,0.068
1767,54,S,0.076,0.84,0.084,376,S,0.05,0.87,0.081
1768,55,S,0.03,0.901,0.07,376,S,0.073,0.871,0.055
1769,55,M,0.831,0.046,0.123,377,M,0.888,0.071,0.041
1770,55,S,0.027,0.897,0.077,377,S,0.072,0.811,0.118
1771,55,M,0.843,0.05,0.107,378,M,0.783,0.099,0.118
1772,54,I,0.108,0.093,0.798,378,I,0.047,0.131,0.822
1773,55,M,0.801,0.123,0.076,379,M,0.868,0.05,0.082
1774,55,M,0.807,0.06,0.133,379,M,0.851,0.04,0.109
1775,55,M,0.856,0.028,0.116,378,M,0.83,0.085,0.085
1776,55,M,0.911,0.037,0.052,379,M,0.832,0.129,0.04
1777,55,M,0.844,0.101,0.055,380,M,0.851,0.073,0.076
1778,55,M,0.803,0.097,0.1,379,M,0.912,0.057,0.03
1779,56,I,0.091,0.032,0.876,380,I,0.049,0.133,0.817
1780,55,M,0.85,0.061,0.09,380,M,0.811,0.069,0.12
1781,55,M,0.885,0.036,0.079,381,M,0.864,0.048,0.088
1782,55,M,0.811,0.131,0.059,382,M,0.819,0.092,0.089
1783,56,M,0.764,0.118,0.118,382,M,0.822,0.104,0.074
1784,56,M,0.831,0.061,0.108,382,M,0.84,0.121,0.039
1785,55,M,0.829,0.077,0.094,381,M,0.913,0.059,0.027
1786,55,M,0.874,0.083,0.043,383,M,0.811,0.086,0.103
1787,55,M,0.821,0.073,0.106,383,M,0.83,0.064,0.106
1788,55,M,0.937,0.033,0.03,383,M,0.874,0.087,0.038
1789,55,M,0.823,0.073,0.104,384,M,0.834,0.093,0.073
1790,55,M,0.907,0.033,0.061,385,M,0.921,0.042,0.037
1791,56,M,0.816,0.106,0.078,385,M,0.884,0.054,0.062
1792,55,M,0.854,0.051,0.095,385,M,0.844,0.082,0.074
1793,55,M,0.825,0.1,0.075,385,M,0.888,0.06,0.052
1794,55,M,0.843,0.042,0.114,386,M,0.797,0.105,0.099
1795,56,M,0.898,0.022,0.079,386,M,0.837,0.079,0.084
1796,56,M,0.875,0.078,0.047,387,M,0.859,0.034,0.107
1797,55,M,0.865,0.112,0.024,387,M,0.87,0.094,0.036
1798,55,M,0.889,0.058,0.053,387,M,0.891,0.04,0.069
1799,56,S,0.068,0.898,0.033,388,S,0.079,0.883,0.038
1800,56,M,0.869,0.079,0.052,388,M,0.92,0.046,0.034
1801,56,M,0.784,0.117,0.099,388,M,0.91,0.031,0.058
1802,56,M,0.902,0.029,0.069,389,M,0.862,0.042,0.097
1803,55,I,0.139,0.057,0.804,388,I,0.061,0.088,0.852
1804,56,M,0.892,0.026,0.083,390,M,0.838,0.094,0.068
1805,56,M,0.808,0.115,0.077,390,M,0.827,0.114,0.059
1806,56,M,0.886,0.034,0.08,389,M,0.834,0.081,0.085
1807,56,M,0.841,0.087,0.072,390,M,0.874,0.077,0.048
1808,56,M,0.876,0.041,0.084,391,M,0.872,0.068,0.06
1809,56,M,0.846,0.07,0.084,390,M,0.832,0.101,0.067
1810,56,M,0.895,0.066,0.039,391,S,0.069,0.875,0.056
1811,56,M,0.829,0.09,0.08,392,M,0.806,0.065,0.129
1812,55,M,0.852,0.045,0.103,393,M,0.806,0.103,0.092
1813,56,M,0.856,0.027,0.118,393,M,0.887,0.031,0.082
1814,56,M,0.789,0.11,0.101,393,M,0.804,0.082,0.113
1815,56,M,0.822,0.121,0.057,395,M,0.792,0.111,0.097
1816,56,M,0.807,0.095,0.098,395,M,0.859,0.036,0.105
1817,56,M,0.897,0.067,0.036,395,M,0.896,0.053,0.051
1818,56,I,0.081,0.105,0.814,394,I,0.104,0.077,0.82
1819,56,M,0.807,0.104,0.088,395,M,0.816,0.076,0.108
1820,56,M,0.856,0.048,0.095,396,M,0.866,0.027,0.107
1821,56,S,0.092,0.783,0.125,396,S,0.088,0.801,0.112
1822,56,M,0.846,0.025,0.128,396,M,0.908,0.052,0.039
1823,56,S,0.047,0.892,0.06,397,S,0.049,0.863,0.088
1824,56,M,0.862,0.024,0.114,397,M,0.857,0.057,0.085
1825,56,M,0.91,0.058,0.032,397,M,0.854,0.109,0.037
1826,56,M,0.853,0.049,0.099,398,M,0.868,0.091,0.041
1827,56,M,0.86,0.052,0.088,398,M,0.813,0.104,0.083
1828,57,M,0.848,0.056,0.097,399,M,0.894,0.066,0.04
1829,56,M,0.864,0.055,0.081,398,M,0.858,0.076,0.066
1830,57,S,0.086,0.821,0.093,399,S,0.061,0.885,0.054
1831,57,I,0.121,0.108,0.771,400,I,0.109,0.113,0.778
1832,56,M,0.817,0.111,0.072,400,M,0.873,0.038,0.088
1833,56,M,0.895,0.049,0.056,401,M,0.824,0.087,0.089
1834,56,M,0.878,0.031,0.091,401,M,0.794,0.103,0.103
1835,56,M,0.839,0.046,0.115,401,M,0.906,0.032,0.062
1836,56,M,0.793,0.117,0.09,402,M,0.844,0.046,0.11
1837,56,I,0.065,0.133,0.803,402,I,0.12,0.027,0.853
1838,57,M,0.839,0.108,0.053,402,M,0.861,0.029,0.11
1839,56,M,0.869,0.025,0.106,402,M,0.776,0.106,0.118
1840,56,S,0.107,0.838,0.055,403,S,0.092,0.805,0.103
1841,56,M,0.853,0.111,0.036,403,M,0.829,0.054,0.118
1842,56,S,0.089,0.839,0.071,404,S,0.031,0.904,0.065
1843,57,M,0.875,0.049,0.076,405,M,0.857,0.097,0.046
1844,57,M,0.786,0.104,0.11,404,M,0.886,0.038,0.076
1845,57,M,0.81,0.121,0.068,405,M,0.821,0.076,0.103
1846,57,I,0.085,0.092,0.823,406,I,0.12,0.105,0.775
1847,56,I,0.084,0.095,0.821,406,I,0.041,0.137,0.821
1848,56,M,0.803,0.105,0.092,406,M,0.945,0.029,0.026
1849,57,M,0.89,0.052,0.058,406,M,0.792,0.113,0.095
1850,57,S,0.111,0.784,0.105,406,S,0.028,0.913,0.06
1851,57,M,0.838,0.102,0.06,408,M,0.828,0.091,0.081
1852,57,M,0.845,0.041,0.114,408,M,0.87,0.072,0.059
1853,57,M,0.883,0.021,0.096,409,M,0.818,0.082,0.1
1854,57,M,0.852,0.06,0.088,408,M,0.85,0.095,0.055
1855,57,M,0.915,0.059,0.026,408,M,0.862,0.052,0.086
1856,57,M,0.896,0.026,0.078,409,M,0.807,0.081,0.112
1857,57,M,0.912,0.025,0.064,410,M,0.801,0.108,0.091
1858,57,M,0.833,0.073,0.094,409,M,0.834,0.059,0.108
1859,57,S,0.025,0.906,0.069,410,S,0.111,0.838,0.05
1860,57,M,0.873,0.075,0.053,412,M,0.88,0.03,0.09
1861,57,S,0.054,0.841,0.105,412,S,0.065,0.842,0.093
1862,57,M,0.81,0.085,0.105,412,M,0.884,0.041,0.075
1863,58,M,0.875,0.036,0.089,411,M,0.86,0.095,0.045
1864,57,M,0.913,0.05,0.037,413,M,0.912,0.034,0.053
1865,57,M,0.917,0.059,0.024,412,M,0.804,0.089,0.107
1866,58,M,0.827,0.064,0.109,413,M,0.818,0.054,0.128
1867,58,M,0.805,0.111,0.084,414,M,0.913,0.056,0.031
1868,57,I,0.102,0.034,0.864,413,S,0.115,0.804,0.08
1869,57,M,0.829,0.13,0.041,414,M,0.84,0.064,0.096
1870,58,S,0.054,0.817,0.129,415,S,0.023,0.929,0.048
1871,57,M,0.824,0.074,0.102,416,M,0.814,0.107,0.079
1872,57,M,0.838,0.124,0.038,415,M,0.845,0.046,0.109
1873,58,M,0.893,0.082,0.025,416,M,0.877,0.023,0.1
1874,57,I,0.119,0.062,0.819,416,I,0.034,0.108,0.858
1875,57,M,0.903,0.032,0.064,417,S,0.061,0.893,0.046
1876,57,S,0.12,0.77,0.111,418,S,0.07,0.857,0.073
1877,58,I,0.088,0.024,0.888,418,I,0.063,0.126,0.812
1878,58,M,0.832,0.046,0.122,417,M,0.883,0.063,0.054
1879,58,M,0.884,0.087,0.028,418,M,0.91,0.039,0.052
1880,57,M,0.859,0.046,0.095,419,M,0.824,0.073,0.103
1881,57,M,0.843,0.038,0.119,419,M,0.835,0.082,0.082
1882,57,I,0.054,0.058,0.888,420,I,0.09,0.069,0.84
1883,58,M,0.834,0.054,0.112,420,M,0.835,0.09,0.075
1884,58,M,0.81,0.106,0.085,419,M,0.886,0.039,0.076
1885,57,S,0.105,0.797,0.098,421,S,0.067,0.9,0.034
1886,57,S,0.082,0.865,0.053,421,S,0.095,0.799,0.106
1887,58,M,0.865,0.041,0.094,421,M,0.87,0.031,0.099
1888,57,M,0.889,0.036,0.076,422,M,0.855,0.043,0.101
1889,58,M,0.808,0.084,0.108,422,M,0.839,0.114,0.046
1890,58,M,0.852,0.092,0.056,422,M,0.825,0.111,0.064
1891,58,M,0.857,0.08,0.063,422,M,0.838,0.102,0.06
1892,58,M,0.873,0.031,0.096,422,S,0.074,0.864,0.062
1893,58,M,0.823,0.117,0.06,423,M,0.786,0.104,0.11
1894,58,S,0.039,0.894,0.067,423,S,0.045,0.891,0.064
1895,58,M,0.872,0.071,0.057,425,M,0.801,0.088,0.111
1896,58,M,0.914,0.032,0.054,425,M,0.834,0.096,0.07
1897,58,M,0.857,0.074,0.07,425,M,0.831,0.054,0.115
1898,58,M,0.823,0.053,0.124,425,M,0.864,0.077,0.059
1899,58,M,0.833,0.103,0.064,427,M,0.901,0.061,0.038
1900,58,M,0.871,0.053,0.076,426,M,0.817,0.133,0.05
1901,58,M,0.816,0.126,0.058,426,M,0.835,0.047,0.118
1902,58,M,0.851,0.037,0.112,427,M,0.918,0.059,0.023
1903,58,S,0.078,0.888,0.034,428,S,0.025,0.863,0.112
1904,58,M,0.812,0.102,0.086,428,M,0.885,0.068,0.046
1905,59,M,0.813,0.089,0.098,428,I,0.144,0.04,0.816
1906,58,M,0.884,0.076,0.04,428,M,0.907,0.067,0.025
1907,58,M,0.834,0.079,0.087,428,M,0.861,0.061,0.077
1908,58,M,0.848,0.106,0.046,430,M,0.854,0.08,0.066
1909,58,I,0.106,0.067,0.827,429,I,0.082,0.078,0.84
1910,58,M,0.872,0.096,0.032,429,M,0.831,0.116,0.053
1911,58,I,0.08,0.114,0.806,431,S,0.102,0.808,0.09
1912,58,M,0.893,0.046,0.061,432,M,0.886,0.078,0.036
1913,58,S,0.089,0.802,0.109,432,S,0.098,0.833,0.069
1914,58,M,0.847,0.112,0.041,433,M,0.898,0.06,0.042
1915,59,M,0.837,0.105,0.058,432,S,0.058,0.848,0.093
1916,59,M,0.896,0.029,0.075,433,M,0.821,0.085,0.094
1917,58,M,0.891,0.028,0.081,433,M,0.869,0.089,0.042
1918,59,M,0.894,0.034,0.072,433,M,0.868,0.032,0.1
1919,58,M,0.841,0.133,0.025,433,M,0.791,0.097,0.112
1920,59,M,0.819,0.078,0.103,435,M,0.869,0.06,0.071
1921,59,S,0.088,0.841,0.07,434,S,0.056,0.831,0.113
1922,58,M,0.875,0.053,0.072,436,M,0.942,0.032,0.026
1923,59,M,0.814,0.074,0.112,435,M,0.851,0.099,0.05
1924,59,M,0.844,0.097,0.059,437,M,0.835,0.128,0.037
1925,59,I,0.049,0.121,0.83,436,I,0.075,0.052,0.873
1926,58,M,0.892,0.073,0.035,437,M,0.836,0.041,0.123
1927,59,M,0.896,0.059,0.046,438,M,0.86,0.078,0.062
1928,59,M,0.841,0.05,0.109,438,M,0.878,0.08,0.042
1929,59,M,0.846,0.056,0.099,439,M,0.85,0.12,0.03
1930,58,M,0.924,0.029,0.047,437,M,0.816,0.058,0.126
1931,59,M,0.883,0.083,0.034,439,M,0.868,0.063,0.069
1932,59,M,0.788,0.113,0.1,438,I,0.091,0.114,0.795
1933,59,M,0.797,0.107,0.096,439,M,0.827,0.064,0.109
1934,59,M,0.833,0.053,0.114,440,M,0.834,0.097,0.069
1935,59,M,0.818,0.074,0.108,441,M,0.88,0.051,0.069
1936,59,M,0.844,0.096,0.061,440,M,0.838,0.087,0.075
1937,59,M,0.825,0.086,0.089,440,M,0.86,0.08,0.06
1938,59,M,0.876,0.073,0.05,441,I,0.069,0.084,0.847
1939,59,S,0.092,0.834,0.074,442,S,0.041,0.879,0.08
1940,59,M,0.771,0.102,0.127,443,M,0.895,0.065,0.04
1941,59,M,0.844,0.112,0.043,444,M,0.861,0.09,0.049
1942,59,M,0.801,0.112,0.087,443,S,0.024,0.875,0.101
1943,59,M,0.839,0.052,0.108,444,M,0.841,0.111,0.048
1944,59,M,0.811,0.11,0.079,443,M,0.93,0.025,0.044
1945,59,M,0.902,0.059,0.039,444,M,0.803,0.077,0.12
1946,59,M,0.866,0.094,0.039,446,M,0.867,0.11,0.023
1947,59,M,0.822,0.09,0.088,445,M,0.808,0.085,0.108
1948,60,M,0.874,0.06,0.065,445,M,0.801,0.117,0.082
1949,59,M,0.934,0.029,0.037,445,M,0.839,0.059,0.102
1950,59,M,0.882,0.068,0.049,447,M,0.861,0.056,0.083
1951,60,S,0.056,0.837,0.106,446,S,0.069,0.858,0.074
1952,60,M,0.878,0.049,0.073,446,M,0.853,0.023,0.124
1953,59,M,0.843,0.061,0.096,448,M,0.826,0.134,0.04
1954,59,M,0.881,0.082,0.037,447,M,0.858,0.062,0.08
1955,59,M,0.858,0.106,0.036,448,M,0.869,0.043,0.088
1956,59,M,0.907,0.056,0.037,448,M,0.795,0.12,0.085
1957,59,M,0.817,0.074,0.109,448,M,0.832,0.102,0.065
1958,59,M,0.864,0.093,0.043,450,M,0.851,0.073,0.076
1959,59,M,0.824,0.102,0.074,450,M,0.847,0.057,0.096
1960,60,M,0.86,0.065,0.076,451,M,0.861,0.089,0.05
1961,60,S,0.057,0.917,0.026,451,S,0.06,0.865,0.075
1962,59,M,0.879,0.05,0.071,450,M,0.843,0.058,0.098
1963,59,S,0.045,0.926,0.03,451,S,0.131,0.839,0.03
1964,59,M,0.815,0.065,0.12,452,M,0.868,0.053,0.078
1965,60,M,0.818,0.108,0.074,453,M,0.857,0.105,0.038
1966,60,M,0.867,0.067,0.066,453,M,0.873,0.046,0.081
1967,59,M,0.906,0.064,0.03,454,M,0.952,0.023,0.025
1968,59,S,0.059,0.861,0.081,453,S,0.091,0.864,0.045
1969,60,M,0.819,0.089,0.092,453,M,0.845,0.054,0.101
1970,59,M,0.807,0.102,0.091,454,M,0.796,0.107,0.096
1971,60,S,0.121,0.829,0.05,455,S,0.069,0.886,0.045
1972,60,M,0.771,0.105,0.124,454,M,0.842,0.061,0.097
1973,59,S,0.102,0.796,0.102,455,S,0.03,0.915,0.055
1974,59,S,0.101,0.819,0.081,456,S,0.068,0.841,0.091
1975,60,M,0.853,0.072,0.075,457,M,0.818,0.095,0.087
1976,60,M,0.781,0.107,0.111,456,M,0.879,0.031,0.09
1977,60,M,0.867,0.095,0.038,457,M,0.836,0.102,0.062
1978,60,S,0.092,0.875,0.033,458,S,0.027,0.937,0.036
1979,60,M,0.874,0.062,0.064,458,M,0.815,0.092,0.093
1980,60,M,0.82,0.11,0.07,458,M,0.919,0.044,0.037
1981,60,M,0.907,0.06,0.032,459,M,0.843,0.033,0.124
1982,60,M,0.805,0.115,0.08,459,M,0.79,0.117,0.094
1983,60,M,0.822,0.094,0.085,460,I,0.039,0.108,0.854
1984,60,S,0.041,0.864,0.095,460,S,0.042,0.879,0.079
1985,60,M,0.864,0.053,0.083,461,M,0.877,0.05,0.073
1986,61,M,0.854,0.064,0.082,461,M,0.912,0.061,0.027
1987,60,M,0.79,0.119,0.091,462,M,0.945,0.027,0.029
1988,61,M,0.859,0.115,0.025,461,M,0.839,0.091,0.07
1989,60,S,0.027,0.913,0.059,462,S,0.124,0.823,0.053
1990,60,S,0.024,0.865,0.111,463,S,0.085,0.824,0.092
1991,60,M,0.84,0.11,0.051,462,M,0.883,0.026,0.091
1992,60,S,0.033,0.885,0.082,463,S,0.059,0.833,0.109
1993,60,M,0.866,0.061,0.074,464,M,0.93,0.027,0.043
1994,60,M,0.839,0.128,0.033,465,M,0.839,0.07,0.091
1995,60,M,0.872,0.06,0.068,464,M,0.784,0.106,0.111
1996,60,S,0.094,0.859,0.047,465,S,0.038,0.904,0.058
1997,61,S,0.108,0.81,0.082,466,S,0.081,0.818,0.101
1998,60,S,0.113,0.851,0.036,466,M,0.801,0.095,0.105
1999,61,M,0.805,0.104,0.091,466,M,0.814,0.089,0.097
2000,61,M,0.817,0.077,0.105,467,M,0.814,0.081,0.105
