{
  "initial_baselines": {
    "metabolism": 0.648,
    "consumption": 6.99
  },
  "final_baselines": {
    "metabolism": 0.91960244103847,
    "consumption": 4.796209996100094
  },
  "tuning_history": [
    {
      "cycle": 100,
      "death_rate": 0.37355658198614317,
      "metabolism": 0.6895788911532708,
      "consumption": 6.541486961170738,
      "avg_metab_multiplier": 0.8089101982456,
      "avg_cons_multiplier": 1.0922093079144484,
      "effective_metabolism": 0.5578073975487733,
      "effective_consumption": 7.14467294659168,
      "metab_compensation": 0.19108980175440005,
      "cons_compensation": 0.09220930791444837,
      "total_compensation": 0.1416495548344242,
      "amplification": 1.2832991096688484,
      "action": "HARDER x1 AMPLIFIED 1.3x",
      "population": 996,
      "consecutive_low": 1,
      "consecutive_high": 0
    },
    {
      "cycle": 200,
      "death_rate": 0.5574837310195228,
      "metabolism": 0.6895788911532708,
      "consumption": 6.541486961170738,
      "avg_metab_multiplier": 0.788863458675148,
      "avg_cons_multiplier": 1.1224967219660675,
      "effective_metabolism": 0.5439835891045426,
      "effective_consumption": 7.342797670697926,
      "metab_compensation": 0.21113654132485205,
      "cons_compensation": 0.12249672196606753,
      "total_compensation": 0.1668166316454598,
      "amplification": 1.0,
      "action": "STABLE",
      "population": 995,
      "consecutive_low": 0,
      "consecutive_high": 0
    },
    {
      "cycle": 300,
      "death_rate": 0.522887323943662,
      "metabolism": 0.6895788911532708,
      "consumption": 6.541486961170738,
      "avg_metab_multiplier": 0.7785078986174969,
      "avg_cons_multiplier": 1.130787855843718,
      "effective_metabolism": 0.5368426134827164,
      "effective_consumption": 7.397034014851898,
      "metab_compensation": 0.22149210138250308,
      "cons_compensation": 0.1307878558437181,
      "total_compensation": 0.1761399786131106,
      "amplification": 1.0,
      "action": "STABLE",
      "population": 995,
      "consecutive_low": 0,
      "consecutive_high": 0
    },
    {
      "cycle": 400,
      "death_rate": 0.4562937062937063,
      "metabolism": 0.7366474650943764,
      "consumption": 6.094984803597867,
      "avg_metab_multiplier": 0.7791230586951565,
      "avg_cons_multiplier": 1.1442626981173214,
      "effective_metabolism": 0.5739390261843641,
      "effective_consumption": 6.974263756348967,
      "metab_compensation": 0.22087694130484348,
      "cons_compensation": 0.1442626981173214,
      "total_compensation": 0.18256981971108244,
      "amplification": 1.3651396394221649,
      "action": "HARDER x1 AMPLIFIED 1.4x",
      "population": 998,
      "consecutive_low": 1,
      "consecutive_high": 0
    },
    {
      "cycle": 500,
      "death_rate": 0.5045317220543807,
      "metabolism": 0.7366474650943764,
      "consumption": 6.094984803597867,
      "avg_metab_multiplier": 0.7753690808447669,
      "avg_cons_multiplier": 1.16919915169722,
      "effective_metabolism": 0.5711736679168541,
      "effective_consumption": 7.126251061974073,
      "metab_compensation": 0.22463091915523314,
      "cons_compensation": 0.16919915169722,
      "total_compensation": 0.19691503542622657,
      "amplification": 1.0,
      "action": "STABLE",
      "population": 998,
      "consecutive_low": 0,
      "consecutive_high": 0
    },
    {
      "cycle": 600,
      "death_rate": 0.3969465648854962,
      "metabolism": 0.7889427387713184,
      "consumption": 5.662296287768769,
      "avg_metab_multiplier": 0.7738976611825866,
      "avg_cons_multiplier": 1.1937158552285543,
      "effective_metabolism": 0.6105609403421077,
      "effective_consumption": 6.759172855711364,
      "metab_compensation": 0.22610233881741337,
      "cons_compensation": 0.19371585522855428,
      "total_compensation": 0.20990909702298383,
      "amplification": 1.4198181940459675,
      "action": "HARDER x1 AMPLIFIED 1.4x",
      "population": 1000,
      "consecutive_low": 1,
      "consecutive_high": 0
    },
    {
      "cycle": 700,
      "death_rate": 0.5040322580645161,
      "metabolism": 0.7889427387713184,
      "consumption": 5.662296287768769,
      "avg_metab_multiplier": 0.7620746822987149,
      "avg_cons_multiplier": 1.2278960263341125,
      "effective_metabolism": 0.6012332870010305,
      "effective_consumption": 6.952711111677669,
      "metab_compensation": 0.2379253177012851,
      "cons_compensation": 0.22789602633411254,
      "total_compensation": 0.23291067201769883,
      "amplification": 1.0,
      "action": "STABLE",
      "population": 994,
      "consecutive_low": 0,
      "consecutive_high": 0
    },
    {
      "cycle": 800,
      "death_rate": 0.4819277108433735,
      "metabolism": 0.8487750232046412,
      "consumption": 5.232875868026838,
      "avg_metab_multiplier": 0.741822541740637,
      "avg_cons_multiplier": 1.258593822923963,
      "effective_metabolism": 0.629640445079635,
      "effective_consumption": 6.586065243626449,
      "metab_compensation": 0.258177458259363,
      "cons_compensation": 0.25859382292396305,
      "total_compensation": 0.258385640591663,
      "amplification": 1.516771281183326,
      "action": "HARDER x1 AMPLIFIED 1.5x",
      "population": 998,
      "consecutive_low": 1,
      "consecutive_high": 0
    },
    {
      "cycle": 900,
      "death_rate": 0.6462882096069869,
      "metabolism": 0.8487750232046412,
      "consumption": 5.232875868026838,
      "avg_metab_multiplier": 0.7185046253349028,
      "avg_cons_multiplier": 1.3093184916372278,
      "effective_metabolism": 0.6098487800412741,
      "effective_consumption": 6.851501138449748,
      "metab_compensation": 0.2814953746650972,
      "cons_compensation": 0.3093184916372278,
      "total_compensation": 0.2954069331511625,
      "amplification": 1.0,
      "action": "STABLE",
      "population": 993,
      "consecutive_low": 0,
      "consecutive_high": 0
    },
    {
      "cycle": 1000,
      "death_rate": 0.48322147651006714,
      "metabolism": 0.91960244103847,
      "consumption": 4.796209996100094,
      "avg_metab_multiplier": 0.6990954745858102,
      "avg_cons_multiplier": 1.368028133947353,
      "effective_metabolism": 0.6428899049480588,
      "effective_consumption": 6.561350210984453,
      "metab_compensation": 0.30090452541418977,
      "cons_compensation": 0.368028133947353,
      "total_compensation": 0.3344663296807714,
      "amplification": 1.6689326593615428,
      "action": "HARDER x1 AMPLIFIED 1.7x",
      "population": 1000,
      "consecutive_low": 1,
      "consecutive_high": 0
    }
  ],
  "config": {
    "target_min": 0.5,
    "target_max": 0.7,
    "tuning_interval": 100,
    "adjustment_strength": 0.05,
    "extinction_threshold": 10,
    "emergency_adjustment": 0.1
  }
}