Generation,PopSize,NumSpecies,AvgNodes,AvgConns,Action_M,Action_S,Action_I,S_mean,EPC,LZ
500,100,1,22.11,29.61,100,0,0,0.0,1.0,0.009999999999999998
1000,100,1,26.08,39.3,100,0,0,0.0,1.0,0.019999999999999997
1500,95,1,31.0,50.0,95,0,0,0.0,1.0,0.01
2000,99,1,31.0,50.0,99,0,0,0.0,1.0,0.009999999999999998
