{
  "seed": 123,
  "final_gac": 88.65901360207846,
  "final_epc": 1.3936081574828965,
  "generations": 10000
}